Date,Close
07-15-2010,0
07-16-2010,0.04951
07-17-2010,0.08585
07-18-2010,0.09307
07-19-2010,0.08181
07-20-2010,0.07921
07-21-2010,0.08181
07-22-2010,0.06767
07-23-2010,0.06161
07-24-2010,0.05941
07-25-2010,0.056
07-26-2010,0.0605
07-27-2010,0.062
07-28-2010,0.0699
07-29-2010,0.0698
07-30-2010,0.06889
07-31-2010,0.065
08-01-2010,0.0633
08-02-2010,0.065
08-03-2010,0.06231
08-04-2010,0.061
08-05-2010,0.0624
08-06-2010,0.0622
08-07-2010,0.061
08-08-2010,0.0735
08-09-2010,0.0709
08-10-2010,0.07541
08-11-2010,0.07
08-12-2010,0.068
08-13-2010,0.0695
08-14-2010,0.067
08-15-2010,0.0679
08-16-2010,0.0769
08-17-2010,0.0733
08-18-2010,0.0679
08-19-2010,0.0667
08-20-2010,0.0669
08-21-2010,0.0664
08-22-2010,0.06689
08-23-2010,0.0665
08-24-2010,0.0665
08-25-2010,0.0658
08-26-2010,0.065
08-27-2010,0.065
08-28-2010,0.0648
08-29-2010,0.069
08-30-2010,0.0649
08-31-2010,0.0629
09-01-2010,0.0634
09-02-2010,0.063
09-03-2010,0.06238
09-04-2010,0.064
09-05-2010,0.0627
09-06-2010,0.06201
09-07-2010,0.062
09-08-2010,0.0624
09-09-2010,0.0618
09-10-2010,0.065
09-11-2010,0.0621
09-12-2010,0.064
09-13-2010,0.175
09-14-2010,0.0625
09-15-2010,0.0619
09-16-2010,0.0609
09-17-2010,0.061
09-18-2010,0.0627
09-19-2010,0.0634
09-20-2010,0.0633
09-21-2010,0.0624
09-22-2010,0.063
09-23-2010,0.0624
09-24-2010,0.0624
09-25-2010,0.06228
09-26-2010,0.06228
09-27-2010,0.06271
09-28-2010,0.062
09-29-2010,0.0619
09-30-2010,0.062
10-01-2010,0.06191
10-02-2010,0.0614
10-03-2010,0.062
10-04-2010,0.06301
10-05-2010,0.0635
10-06-2010,0.067
10-07-2010,0.088
10-08-2010,0.12
10-09-2010,0.1301
10-10-2010,0.103
10-11-2010,0.099
10-12-2010,0.105
10-13-2010,0.1045
10-14-2010,0.119
10-15-2010,0.103
10-16-2010,0.1045
10-17-2010,0.103
10-18-2010,0.1019
10-19-2010,0.103
10-20-2010,0.109
10-21-2010,0.109
10-22-2010,0.109
10-23-2010,0.19
10-24-2010,0.19
10-25-2010,0.18
10-26-2010,0.19
10-27-2010,0.191
10-28-2010,0.19
10-29-2010,0.199
10-30-2010,0.1989
10-31-2010,0.1955
11-01-2010,0.195
11-02-2010,0.275
11-03-2010,0.236
11-04-2010,0.2639
11-05-2010,0.5
11-06-2010,0.47
11-07-2010,0.37
11-08-2010,0.323
11-09-2010,0.24
11-10-2010,0.24
11-11-2010,0.29
11-12-2010,0.3
11-13-2010,0.299
11-14-2010,0.2828
11-15-2010,0.275
11-16-2010,0.29
11-17-2010,0.283
11-18-2010,0.28
11-19-2010,0.29
11-20-2010,0.282
11-21-2010,0.2879
11-22-2010,0.2845
11-23-2010,0.283
11-24-2010,0.2825
11-25-2010,0.289
11-26-2010,0.2844
11-27-2010,0.2846
11-28-2010,0.279
11-29-2010,0.2299
11-30-2010,0.2299
12-01-2010,0.2553
12-02-2010,0.2552
12-03-2010,0.2589
12-04-2010,0.235
12-05-2010,0.225
12-06-2010,0.2477
12-07-2010,0.24
12-08-2010,0.233
12-09-2010,0.204
12-10-2010,0.228
12-11-2010,0.2279
12-12-2010,0.23
12-13-2010,0.2468
12-14-2010,0.246
12-15-2010,0.255
12-16-2010,0.249
12-17-2010,0.2488
12-18-2010,0.2499
12-19-2010,0.275
12-20-2010,0.267
12-21-2010,0.25
12-22-2010,0.25
12-23-2010,0.25
12-24-2010,0.25
12-25-2010,0.27
12-26-2010,0.27
12-27-2010,0.281
12-28-2010,0.301
12-29-2010,0.3
12-30-2010,0.3
12-31-2010,0.3
01-01-2011,0.3
01-02-2011,0.2999
01-03-2011,0.2999
01-04-2011,0.299
01-05-2011,0.299
01-06-2011,0.322
01-07-2011,0.3229
01-08-2011,0.323
01-09-2011,0.329
01-10-2011,0.3266
01-11-2011,0.3557
01-12-2011,0.405
01-13-2011,0.45
01-14-2011,0.4
01-15-2011,0.4
01-16-2011,0.3868
01-17-2011,0.3495
01-18-2011,0.313
01-19-2011,0.39
01-20-2011,0.44
01-21-2011,0.4443
01-22-2011,0.4443
01-23-2011,0.4424
01-24-2011,0.425
01-25-2011,0.42
01-26-2011,0.45
01-27-2011,0.446
01-28-2011,0.445
01-29-2011,0.48
01-30-2011,0.95
01-31-2011,0.85
02-01-2011,0.76
02-02-2011,0.75
02-03-2011,0.88
02-04-2011,0.92
02-05-2011,0.92
02-06-2011,0.9
02-07-2011,0.918
02-08-2011,1.09
02-09-2011,1.1
02-10-2011,1.09
02-11-2011,1.08
02-12-2011,1.08
02-13-2011,1.08
02-14-2011,1.085
02-15-2011,1.05
02-16-2011,1.05
02-17-2011,1.04
02-18-2011,0.98
02-19-2011,0.949
02-20-2011,0.8796
02-21-2011,0.95
02-22-2011,0.945
02-23-2011,1
02-24-2011,0.9998
02-25-2011,0.97
02-26-2011,0.958
02-27-2011,0.92
02-28-2011,0.97
03-01-2011,0.94
03-02-2011,0.9399
03-03-2011,0.9391
03-04-2011,0.9189
03-05-2011,0.9098
03-06-2011,0.909
03-07-2011,0.885
03-08-2011,0.87
03-09-2011,0.9329
03-10-2011,0.925
03-11-2011,0.9197
03-12-2011,0.918
03-13-2011,0.9
03-14-2011,0.8949
03-15-2011,0.88
03-16-2011,0.88
03-17-2011,0.8506
03-18-2011,0.797
03-19-2011,0.79
03-20-2011,0.7724
03-21-2011,0.81
03-22-2011,0.85
03-23-2011,0.9
03-24-2011,0.89
03-25-2011,0.905
03-26-2011,0.8721
03-27-2011,0.85
03-28-2011,0.7997
03-29-2011,0.795
03-30-2011,0.801
03-31-2011,0.797
04-01-2011,0.7998
04-02-2011,0.7949
04-03-2011,0.785
04-04-2011,0.7478
04-05-2011,0.75
04-06-2011,0.7849
04-07-2011,0.799
04-08-2011,0.7676
04-09-2011,0.7589
04-10-2011,0.799
04-11-2011,0.899
04-12-2011,1
04-13-2011,1
04-14-2011,1.09
04-15-2011,1.095
04-16-2011,1.14
04-17-2011,1.2
04-18-2011,1.198
04-19-2011,1.198
04-20-2011,1.21
04-21-2011,1.41
04-22-2011,1.95
04-23-2011,1.95
04-24-2011,1.701
04-25-2011,1.795
04-26-2011,1.95
04-27-2011,2.65
04-28-2011,2.95
04-29-2011,4.15
04-30-2011,3.87
05-01-2011,3.495
05-02-2011,3.49
05-03-2011,3.58
05-04-2011,3.45
05-05-2011,3.61
05-06-2011,3.7
05-07-2011,3.937
05-08-2011,3.9
05-09-2011,5.99
05-10-2011,6.065
05-11-2011,6.49
05-12-2011,8.45
05-13-2011,8.9
05-14-2011,7.78
05-15-2011,8.5
05-16-2011,8.389
05-17-2011,7.5
05-18-2011,7.34
05-19-2011,7.1
05-20-2011,6.52
05-21-2011,6.759
05-22-2011,7.45
05-23-2011,7.51
05-24-2011,9.33
05-25-2011,8.987
05-26-2011,8.83
05-27-2011,8.7
05-28-2011,8.49
05-29-2011,9
05-30-2011,9.5
05-31-2011,9.699
06-01-2011,10.89
06-02-2011,14.5
06-03-2011,18.89
06-04-2011,19
06-05-2011,19.23
06-06-2011,24.32
06-07-2011,31.91
06-08-2011,31.5
06-09-2011,29.4
06-10-2011,23.99
06-11-2011,24.99
06-12-2011,24.5
06-13-2011,20.5
06-14-2011,20
06-15-2011,19.89
06-16-2011,18.34
06-17-2011,16.95
06-18-2011,18.88
06-19-2011,17.51
06-20-2011,17.51
06-21-2011,17.51
06-22-2011,17.51
06-23-2011,17.51
06-24-2011,17.51
06-25-2011,17.51
06-26-2011,18
06-27-2011,17.52
06-28-2011,17.2
06-29-2011,17
06-30-2011,16.74
07-01-2011,15.8
07-02-2011,15.69
07-03-2011,15.49
07-04-2011,15
07-05-2011,16.5
07-06-2011,15.9
07-07-2011,15.64
07-08-2011,14.7
07-09-2011,15.68
07-10-2011,15.2
07-11-2011,14.64
07-12-2011,14.15
07-13-2011,14.07
07-14-2011,14.09
07-15-2011,13.81
07-16-2011,13.75
07-17-2011,13.92
07-18-2011,14.7
07-19-2011,14
07-20-2011,13.78
07-21-2011,13.81
07-22-2011,13.76
07-23-2011,14.1
07-24-2011,14.72
07-25-2011,14.05
07-26-2011,14.13
07-27-2011,13.94
07-28-2011,13.7
07-29-2011,13.63
07-30-2011,14.9
07-31-2011,13.55
08-01-2011,13.1
08-02-2011,12.16
08-03-2011,11.15
08-04-2011,10.99
08-05-2011,9.95
08-06-2011,9.47
08-07-2011,8.16
08-08-2011,12.1
08-09-2011,10.4
08-10-2011,10.5
08-11-2011,9.8
08-12-2011,10.25
08-13-2011,11.24
08-14-2011,11.89
08-15-2011,11.32
08-16-2011,11.1
08-17-2011,11.05
08-18-2011,11.81
08-19-2011,11.69
08-20-2011,11.51
08-21-2011,11.5
08-22-2011,11.3
08-23-2011,11.08
08-24-2011,10.89
08-25-2011,9.889
08-26-2011,9.11
08-27-2011,9.481
08-28-2011,9.27
08-29-2011,9
08-30-2011,8.79
08-31-2011,8.36
09-01-2011,8.714
09-02-2011,8.69
09-03-2011,8.49
09-04-2011,8.191
09-05-2011,7.657
09-06-2011,7.599
09-07-2011,7.198
09-08-2011,6.577
09-09-2011,5.49
09-09-2011,5.49
09-10-2011,7.4
09-11-2011,6.582
09-12-2011,6.085
09-13-2011,5.847
09-14-2011,5.619
09-15-2011,4.99
09-16-2011,4.93
09-17-2011,5.6
09-18-2011,5.644
09-19-2011,6.795
09-20-2011,6.287
09-21-2011,5.83
09-22-2011,5.707
09-23-2011,5.641
09-24-2011,5.49
09-25-2011,5.4
09-26-2011,5.13
09-27-2011,4.969
09-28-2011,4.8
09-29-2011,5.35
09-30-2011,5.249
10-01-2011,5.1
10-02-2011,5.04
10-03-2011,5.025
10-04-2011,5.025
10-05-2011,4.9
10-06-2011,4.796
10-07-2011,4.34
10-08-2011,4.389
10-09-2011,4.2
10-10-2011,4.1
10-11-2011,4.45
10-12-2011,4.2
10-13-2011,4.115
10-14-2011,4.05
10-15-2011,3.897
10-16-2011,3.74
10-17-2011,2.9
10-18-2011,2.536
10-19-2011,2.391
10-20-2011,2.72
10-21-2011,3.3
10-22-2011,3.2
10-23-2011,3.195
10-24-2011,3.04
10-25-2011,2.849
10-26-2011,3.09
10-27-2011,3.255
10-28-2011,3.827
10-29-2011,3.65
10-30-2011,3.316
10-31-2011,3.35
11-01-2011,3.44
11-02-2011,3.28
11-03-2011,3.21
11-04-2011,3.15
11-05-2011,3
11-06-2011,3.032
11-07-2011,3.21
11-08-2011,3.11
11-09-2011,2.969
11-10-2011,3.11
11-11-2011,3.11
11-12-2011,3.05
11-13-2011,2.996
11-14-2011,2.49
11-15-2011,2.6
11-16-2011,2.589
11-17-2011,2.39
11-18-2011,2.26
11-19-2011,2.499
11-20-2011,2.311
11-21-2011,2.35
11-22-2011,2.38
11-23-2011,2.56
11-24-2011,2.528
11-25-2011,2.531
11-26-2011,2.49
11-27-2011,2.55
11-28-2011,2.981
11-29-2011,3.09
11-30-2011,3.14
12-01-2011,3.138
12-02-2011,3.125
12-03-2011,2.9
12-04-2011,2.93
12-05-2011,3.05
12-06-2011,3.082
12-07-2011,3.006
12-08-2011,3.039
12-09-2011,3.133
12-10-2011,3.38
12-11-2011,3.29
12-12-2011,3.25
12-13-2011,3.248
12-14-2011,3.214
12-15-2011,3.22
12-16-2011,3.23
12-17-2011,3.219
12-18-2011,3.7
12-19-2011,4.5
12-20-2011,4.04
12-21-2011,3.992
12-22-2011,3.95
12-23-2011,3.969
12-24-2011,4.39
12-25-2011,4.313
12-26-2011,4.1
12-27-2011,4.25
12-28-2011,4.33
12-29-2011,4.3
12-30-2011,4.995
12-31-2011,5.5
01-01-2012,5.47
01-02-2012,5.29
01-03-2012,5.7
01-04-2012,7.22
01-05-2012,7.21
01-06-2012,7.016
01-07-2012,7.2
01-08-2012,7.191
01-09-2012,6.89
01-10-2012,7.138
01-11-2012,6.997
01-12-2012,6.804
01-13-2012,6.95
01-14-2012,7.08
01-15-2012,7.189
01-16-2012,6.95
01-17-2012,6.95
01-18-2012,6.361
01-19-2012,6.58
01-20-2012,6.548
01-21-2012,6.455
01-22-2012,6.389
01-23-2012,6.394
01-24-2012,6.322
01-25-2012,5.92
01-26-2012,5.51
01-27-2012,5.76
01-28-2012,5.7
01-29-2012,5.6
01-30-2012,5.65
01-31-2012,6.2
02-01-2012,6.199
02-02-2012,6.14
02-03-2012,5.987
02-04-2012,5.885
02-05-2012,5.72
02-06-2012,5.78
02-07-2012,5.849
02-08-2012,5.915
02-09-2012,5.985
02-10-2012,6
02-11-2012,5.85
02-12-2012,5.72
02-13-2012,5.451
02-14-2012,4.88
02-15-2012,4.444
02-16-2012,4.77
02-17-2012,4.497
02-18-2012,4.52
02-19-2012,4.47
02-20-2012,4.397
02-21-2012,4.54
02-22-2012,5.198
02-23-2012,5.1
02-24-2012,5.07
02-25-2012,5.1
02-26-2012,4.99
02-27-2012,5
02-28-2012,4.9
02-29-2012,4.989
03-01-2012,4.95
03-02-2012,4.78
03-03-2012,4.95
03-04-2012,5.05
03-05-2012,5.07
03-06-2012,5.05
03-07-2012,5
03-08-2012,4.949
03-09-2012,4.913
03-10-2012,4.99
03-11-2012,4.95
03-12-2012,5.41
03-13-2012,5.45
03-14-2012,5.445
03-15-2012,5.4
03-16-2012,5.4
03-17-2012,5.34
03-18-2012,5.31
03-19-2012,4.9
03-20-2012,4.87
03-21-2012,4.88
03-22-2012,4.79
03-23-2012,4.729
03-24-2012,4.683
03-25-2012,4.738
03-26-2012,4.846
03-27-2012,4.837
03-28-2012,4.861
03-29-2012,4.88
03-30-2012,4.95
03-31-2012,4.92
04-01-2012,5.08
04-02-2012,4.995
04-03-2012,4.97
04-04-2012,4.935
04-05-2012,4.98
04-06-2012,4.95
04-07-2012,4.8
04-08-2012,4.879
04-09-2012,4.9
04-10-2012,4.98
04-11-2012,4.946
04-12-2012,4.945
04-13-2012,5.03
04-14-2012,4.98
04-15-2012,4.979
04-16-2012,5.022
04-17-2012,5.178
04-18-2012,5.19
04-19-2012,5.48
04-20-2012,5.479
04-21-2012,5.325
04-22-2012,5.218
04-23-2012,5.2
04-24-2012,5.18
04-25-2012,5.175
04-26-2012,5.124
04-27-2012,5.109
04-28-2012,5.018
04-29-2012,5
04-30-2012,5
05-01-2012,5.179
05-02-2012,5.184
05-03-2012,5.15
05-04-2012,5.12
05-05-2012,5.099
05-06-2012,5.096
05-07-2012,5.1
05-08-2012,5.096
05-09-2012,5.125
05-10-2012,5
05-11-2012,4.999
05-12-2012,4.999
05-13-2012,5.036
05-14-2012,5.04
05-15-2012,5.135
05-16-2012,5.1
05-17-2012,5.13
05-18-2012,5.143
05-19-2012,5.15
05-20-2012,5.13
05-21-2012,5.115
05-22-2012,5.165
05-23-2012,5.149
05-24-2012,5.15
05-25-2012,5.145
05-26-2012,5.148
05-27-2012,5.16
05-28-2012,5.159
05-29-2012,5.173
05-30-2012,5.2
05-31-2012,5.279
06-01-2012,5.275
06-02-2012,5.254
06-03-2012,5.279
06-04-2012,5.5
06-05-2012,5.49
06-06-2012,5.594
06-07-2012,5.66
06-08-2012,5.7
06-09-2012,5.577
06-10-2012,5.6
06-11-2012,5.75
06-12-2012,5.96
06-13-2012,5.974
06-14-2012,6.587
06-15-2012,6.599
06-16-2012,6.53
06-17-2012,6.36
06-18-2012,6.533
06-19-2012,6.71
06-20-2012,6.8
06-21-2012,6.8
06-22-2012,6.651
06-23-2012,6.47
06-24-2012,6.446
06-25-2012,6.47
06-26-2012,6.65
06-27-2012,6.669
06-28-2012,6.679
06-29-2012,6.694
06-30-2012,6.694
07-01-2012,6.765
07-02-2012,6.76
07-03-2012,6.55
07-04-2012,6.77
07-05-2012,6.72
07-06-2012,6.87
07-07-2012,6.86
07-08-2012,7.1
07-09-2012,7.25
07-10-2012,7.257
07-11-2012,7.9
07-12-2012,7.816
07-13-2012,7.665
07-14-2012,7.7
07-15-2012,8.65
07-16-2012,9.49
07-17-2012,9.399
07-18-2012,9.234
07-19-2012,8.87
07-20-2012,9.7
07-21-2012,8.97
07-22-2012,9.2
07-23-2012,8.85
07-24-2012,8.9
07-25-2012,8.901
07-26-2012,8.95
07-27-2012,8.93
07-28-2012,8.888
07-29-2012,9.15
07-30-2012,9.44
07-31-2012,9.65
08-01-2012,11
08-02-2012,11.12
08-03-2012,11.3
08-04-2012,11.29
08-05-2012,11.19
08-06-2012,11.1
08-07-2012,11.15
08-08-2012,12
08-09-2012,11.6
08-10-2012,11.6
08-11-2012,11.77
08-12-2012,12.05
08-13-2012,12.34
08-14-2012,13.25
08-15-2012,13.84
08-16-2012,15.4
08-17-2012,12.9
08-18-2012,11.62
08-19-2012,10.5
08-20-2012,10.3
08-21-2012,10.1
08-22-2012,10.25
08-23-2012,10.62
08-24-2012,10.63
08-25-2012,10.62
08-26-2012,12.15
08-27-2012,11.21
08-28-2012,11.13
08-29-2012,10.93
08-30-2012,10.83
08-31-2012,10.3
09-01-2012,10.36
09-02-2012,10.59
09-03-2012,10.53
09-04-2012,11.17
09-05-2012,11.29
09-06-2012,11.21
09-07-2012,11.14
09-08-2012,11.14
09-09-2012,11.19
09-10-2012,11.35
09-11-2012,11.39
09-12-2012,11.4
09-13-2012,11.8
09-14-2012,11.79
09-15-2012,11.99
09-16-2012,11.96
09-17-2012,12.35
09-18-2012,12.69
09-19-2012,12.66
09-20-2012,12.5
09-21-2012,12.4
09-22-2012,12.27
09-23-2012,12.3
09-24-2012,12.23
09-25-2012,12.46
09-26-2012,12.4
09-27-2012,12.45
09-28-2012,12.49
09-29-2012,12.45
09-30-2012,12.48
10-01-2012,12.88
10-02-2012,12.99
10-03-2012,13.09
10-04-2012,12.97
10-05-2012,12.86
10-06-2012,12.62
10-07-2012,11.95
10-08-2012,12.35
10-09-2012,12.19
10-10-2012,12.15
10-11-2012,12.15
10-12-2012,12.11
10-13-2012,12.03
10-14-2012,11.99
10-15-2012,11.99
10-16-2012,11.96
10-17-2012,11.96
10-18-2012,11.97
10-19-2012,11.85
10-20-2012,11.77
10-21-2012,11.81
10-22-2012,12
10-23-2012,11.79
10-24-2012,11.7
10-25-2012,10.95
10-26-2012,10.84
10-27-2012,10.95
10-28-2012,10.94
10-29-2012,10.89
10-30-2012,11.21
10-31-2012,11.28
11-01-2012,10.8
11-02-2012,10.65
11-03-2012,10.9
11-04-2012,10.88
11-05-2012,10.9
11-06-2012,11.22
11-07-2012,11.07
11-08-2012,10.98
11-09-2012,10.96
11-10-2012,10.94
11-11-2012,11.18
11-12-2012,11.13
11-13-2012,11.05
11-14-2012,11.3
11-15-2012,11.8
11-16-2012,11.8
11-17-2012,11.83
11-18-2012,11.84
11-19-2012,11.8
11-20-2012,11.78
11-21-2012,12.43
11-22-2012,12.41
11-23-2012,12.48
11-24-2012,12.6
11-25-2012,12.65
11-26-2012,12.34
11-27-2012,12.41
11-28-2012,12.6
11-29-2012,12.65
11-30-2012,12.69
12-01-2012,12.68
12-02-2012,12.68
12-03-2012,13.5
12-04-2012,13.42
12-05-2012,13.69
12-06-2012,13.55
12-07-2012,13.55
12-08-2012,13.53
12-09-2012,13.55
12-10-2012,13.67
12-11-2012,13.8
12-12-2012,13.8
12-13-2012,13.9
12-14-2012,13.64
12-15-2012,13.67
12-16-2012,13.49
12-17-2012,13.4
12-18-2012,13.6
12-19-2012,13.72
12-20-2012,13.6
12-21-2012,13.59
12-22-2012,13.47
12-23-2012,13.45
12-24-2012,13.43
12-25-2012,13.47
12-26-2012,13.47
12-27-2012,13.65
12-28-2012,13.67
12-29-2012,13.59
12-30-2012,13.56
12-31-2012,13.56
01-01-2013,13.4
01-02-2013,13.46
01-03-2013,13.52
01-04-2013,13.55
01-05-2013,13.52
01-06-2013,13.59
01-07-2013,13.88
01-08-2013,13.86
01-09-2013,14.32
01-10-2013,14.35
01-11-2013,14.34
01-12-2013,14.31
01-13-2013,14.35
01-14-2013,14.48
01-15-2013,14.73
01-16-2013,15.7
01-17-2013,15.99
01-18-2013,15.77
01-19-2013,15.89
01-20-2013,16.98
01-21-2013,17.59
01-22-2013,17.59
01-23-2013,19.19
01-24-2013,17.8
01-25-2013,17.88
01-26-2013,18
01-27-2013,18.88
01-28-2013,19.8
01-29-2013,19.8
01-30-2013,21.43
01-31-2013,21.13
02-01-2013,20.5
02-02-2013,20.9
02-03-2013,21.05
02-04-2013,20.79
02-05-2013,21.33
02-06-2013,22.22
02-07-2013,22.77
02-08-2013,23.99
02-09-2013,24.11
02-10-2013,24.68
02-11-2013,25.83
02-12-2013,26.3
02-13-2013,27.6
02-14-2013,27.51
02-15-2013,27.5
02-16-2013,27.4
02-17-2013,27.15
02-18-2013,29.65
02-19-2013,29.87
02-20-2013,29.98
02-21-2013,31.3
02-22-2013,30.69
02-23-2013,30.4
02-24-2013,30.4
02-25-2013,31.7
02-26-2013,31.65
02-27-2013,34.52
02-28-2013,34.9
03-01-2013,34.81
03-02-2013,34.5
03-03-2013,36.7
03-04-2013,40.65
03-05-2013,49.1
03-06-2013,45.5
03-07-2013,44.5
03-08-2013,46.99
03-09-2013,47.95
03-10-2013,48.47
03-11-2013,48.4
03-12-2013,47.3
03-13-2013,47.99
03-14-2013,47.45
03-15-2013,47.36
03-16-2013,47.74
03-17-2013,52.88
03-18-2013,62
03-19-2013,66
03-20-2013,74.9
03-21-2013,73.75
03-22-2013,70.5
03-23-2013,72.5
03-24-2013,78
03-25-2013,79.72
03-26-2013,89.5
03-27-2013,95.7
03-28-2013,93.06
03-29-2013,94.98
03-30-2013,93.8
03-31-2013,106
04-01-2013,118.36
04-02-2013,147
04-03-2013,142.12
04-04-2013,144.94
04-05-2013,143.9
04-06-2013,164.9
04-07-2013,194.9
04-08-2013,240.11
04-09-2013,266
04-10-2013,188.7
04-11-2013,140
04-12-2013,130
04-13-2013,110
04-14-2013,102
04-15-2013,84.5
04-16-2013,98.78
04-17-2013,113
04-18-2013,136.43
04-19-2013,132
04-20-2013,130.5
04-21-2013,127.4
04-22-2013,144.02
04-23-2013,166.43
04-24-2013,162
04-25-2013,144.99
04-26-2013,139.88
04-27-2013,136.68
04-28-2013,149.08
04-29-2013,146.93
04-30-2013,140.06
05-01-2013,126.9
05-02-2013,109
05-03-2013,116.3
05-04-2013,118.85
05-05-2013,124.9
05-06-2013,114
05-07-2013,116.78
05-08-2013,113.72
05-09-2013,122.5
05-10-2013,118.74
05-11-2013,117.47
05-12-2013,118.88
05-13-2013,119.8
05-14-2013,116.44
05-15-2013,118.97
05-16-2013,125.56
05-17-2013,125.31
05-18-2013,124.5
05-19-2013,123.69
05-20-2013,123.08
05-21-2013,124.5
05-22-2013,126.93
05-23-2013,133.98
05-24-2013,133.5
05-25-2013,136
05-26-2013,135.47
05-27-2013,130.63
05-28-2013,132.72
05-29-2013,132.4
05-30-2013,130
05-31-2013,129.79
06-01-2013,130.1
06-02-2013,122.78
06-03-2013,123.99
06-04-2013,123.5
06-05-2013,123.3
06-06-2013,119.13
06-07-2013,113.19
06-08-2013,108.99
06-09-2013,110.63
06-10-2013,109.6
06-11-2013,112.25
06-12-2013,110.3
06-13-2013,104.7
06-14-2013,103.7
06-15-2013,101.75
06-16-2013,102.4
06-17-2013,113.3
06-18-2013,110.99
06-19-2013,114.48
06-20-2013,115.01
06-21-2013,109.96
06-22-2013,109
06-23-2013,108.33
06-24-2013,109.98
06-25-2013,105.49
06-26-2013,104
06-27-2013,101.79
06-28-2013,100.44
06-29-2013,98.12
06-30-2013,98.18
07-01-2013,92.57
07-02-2013,91.2
07-03-2013,84.27
07-04-2013,80.6
07-05-2013,75
07-06-2013,77
07-07-2013,80
07-08-2013,78.3
07-09-2013,89.84
07-10-2013,90.7
07-11-2013,104.17
07-12-2013,98.32
07-13-2013,99
07-14-2013,101.94
07-15-2013,100.73
07-16-2013,100
07-17-2013,98.8
07-18-2013,95.2
07-19-2013,93.1
07-20-2013,92
07-21-2013,92
07-22-2013,97.13
07-23-2013,95.99
07-24-2013,97.48
07-25-2013,97.48
07-26-2013,97
07-27-2013,100.58
07-28-2013,102.85
07-29-2013,107.99
07-30-2013,111.65
07-31-2013,108
08-01-2013,108
08-02-2013,105.89
08-03-2013,106
08-04-2013,107.77
08-05-2013,107.5
08-06-2013,106.96
08-07-2013,106.65
08-08-2013,105.79
08-09-2013,103.9
08-10-2013,105.19
08-11-2013,108.12
08-12-2013,109.64
08-13-2013,115
08-14-2013,113.32
08-15-2013,112.3
08-16-2013,114
08-17-2013,114.69
08-18-2013,123.75
08-19-2013,123.01
08-20-2013,125
08-21-2013,124.49
08-22-2013,122
08-23-2013,121.39
08-24-2013,122.99
08-25-2013,122.97
08-26-2013,133
08-27-2013,131.72
08-28-2013,131.2
08-29-2013,142.76
08-30-2013,148.7
08-31-2013,147.29
09-01-2013,148.5
09-02-2013,148.91
09-03-2013,145.8
09-04-2013,137.97
09-05-2013,134
09-06-2013,131.02
09-07-2013,129.87
09-08-2013,137.48
09-09-2013,136.02
09-10-2013,145.9
09-11-2013,145.52
09-12-2013,145.6
09-13-2013,142
09-14-2013,141
09-15-2013,142.23
09-16-2013,141.37
09-17-2013,142
09-18-2013,141.2
09-19-2013,137.28
09-20-2013,135.99
09-21-2013,135
09-22-2013,135
09-23-2013,136.59
09-24-2013,138
09-25-2013,139
09-26-2013,142.66
09-27-2013,143
09-28-2013,145.81
09-29-2013,145.81
09-30-2013,144.44
10-01-2013,141.93
10-02-2013,132
10-03-2013,139.8
10-04-2013,138
10-05-2013,138
10-06-2013,139
10-07-2013,137.78
10-08-2013,142.1
10-09-2013,141.69
10-10-2013,141.85
10-11-2013,143.05
10-12-2013,147.65
10-13-2013,153.69
10-14-2013,158.1
10-15-2013,162.99
10-16-2013,159.94
10-17-2013,168.29
10-18-2013,195.8
10-19-2013,186.1
10-20-2013,197.37
10-21-2013,205.5
10-22-2013,227.98
10-23-2013,233.38
10-24-2013,208.97
10-25-2013,198.41
10-26-2013,207.81
10-27-2013,209.79
10-28-2013,216.5
10-29-2013,216.49
10-30-2013,214.99
10-31-2013,214.95
11-01-2013,214.86
11-02-2013,226.95
11-03-2013,238.98
11-04-2013,258.87
11-05-2013,272.52
11-06-2013,324.21
11-07-2013,358
11-08-2013,394.99
11-09-2013,372.52
11-10-2013,375.99
11-11-2013,391.79
11-12-2013,444.97
11-13-2013,447.49
11-14-2013,457.92
11-15-2013,476.94
11-16-2013,536.75
11-17-2013,787.93
11-18-2013,900.92
11-19-2013,649.99
11-20-2013,784.32
11-21-2013,821.99
11-22-2013,890.03
11-23-2013,854.99
11-24-2013,849.99
11-25-2013,974.96
11-26-2013,1094.78
11-27-2013,1224.48
11-28-2013,1241.92
11-29-2013,1232.94
11-30-2013,1216.84
12-01-2013,1117.73
12-02-2013,1185.63
12-03-2013,1239.7
12-04-2013,1239.86
12-05-2013,1118.93
12-06-2013,895.96
12-07-2013,828.96
12-08-2013,980.03
12-09-2013,1067.7
12-10-2013,1056.76
12-11-2013,940.98
12-12-2013,989.89
12-13-2013,947.93
12-14-2013,927.9
12-15-2013,924.94
12-16-2013,779.96
12-17-2013,716.99
12-18-2013,745.96
12-19-2013,774.39
12-20-2013,690
12-21-2013,699.91
12-22-2013,724.92
12-23-2013,729.94
12-24-2013,709.95
12-25-2013,829.63
12-26-2013,836.83
12-27-2013,805.97
12-28-2013,803.95
12-29-2013,818.83
12-30-2013,813.94
12-31-2013,829.93
01-01-2014,886.21
01-02-2014,888.23
01-03-2014,932.16
01-04-2014,1029.86
01-05-2014,1093.44
01-06-2014,1043.98
01-07-2014,966.9
01-08-2014,964.64
01-09-2014,964.84
01-10-2014,1010.84
01-11-2014,1022.67
01-12-2014,949.24
01-13-2014,942.47
01-14-2014,973.09
01-15-2014,955.53
01-16-2014,929.75
01-17-2014,924.74
01-18-2014,958.07
01-19-2014,980.54
01-20-2014,974.25
01-21-2014,973.94
01-22-2014,958.06
01-23-2014,949.52
01-24-2014,978.41
01-25-2014,1038.06
01-26-2014,1021.45
01-27-2014,972.61
01-28-2014,950.56
01-29-2014,953.24
01-30-2014,954.71
01-31-2014,969.19
02-01-2014,959.38
02-02-2014,959.58
02-03-2014,949.1
02-04-2014,939.75
02-05-2014,908.77
02-06-2014,833.07
02-07-2014,719.26
02-08-2014,694.12
02-09-2014,700.04
02-10-2014,609.71
02-11-2014,585.12
02-12-2014,549.2
02-13-2014,500.03
02-14-2014,447.94
02-15-2014,540.03
02-16-2014,411.21
02-17-2014,370.12
02-18-2014,308.63
02-19-2014,271.61
02-20-2014,160.15
02-21-2014,290.59
02-22-2014,349.15
02-23-2014,316.88
02-24-2014,174.64
02-25-2014,650
02-26-2014,629.9
02-27-2014,599
02-28-2014,564.07
03-01-2014,562.93
03-02-2014,695.44
03-03-2014,686.22
03-04-2014,665.97
03-05-2014,661.83
03-06-2014,655.2
03-07-2014,625.68
03-08-2014,637.6
03-09-2014,633.68
03-10-2014,619.7
03-11-2014,640.79
03-12-2014,636.13
03-13-2014,631.23
03-14-2014,628.83
03-15-2014,627.28
03-16-2014,622.49
03-17-2014,611.72
03-18-2014,607.08
03-19-2014,598.41
03-20-2014,587.42
03-21-2014,569.96
03-22-2014,564.32
03-23-2014,572.52
03-24-2014,569.66
03-25-2014,575.42
03-26-2014,567.75
03-27-2014,514.95
03-28-2014,494.28
03-29-2014,479.04
03-30-2014,473.43
03-31-2014,487.35
04-01-2014,480.27
04-02-2014,448.74
04-03-2014,456.46
04-04-2014,461.17
04-05-2014,472.38
04-06-2014,485.06
04-07-2014,480.69
04-08-2014,479.66
04-09-2014,463.45
04-10-2014,450.4
04-11-2014,469.83
04-12-2014,454.15
04-13-2014,497.83
04-14-2014,526.63
04-15-2014,549.05
04-16-2014,537.03
04-17-2014,512.15
04-18-2014,516.89
04-19-2014,522.22
04-20-2014,524.67
04-21-2014,520.51
04-22-2014,509.96
04-23-2014,507.33
04-24-2014,502.49
04-25-2014,468.68
04-26-2014,461.4
04-27-2014,451.12
04-28-2014,453.78
04-29-2014,452.64
04-30-2014,464.49
05-01-2014,463.38
05-02-2014,454.2
05-03-2014,446.61
05-04-2014,443.86
05-05-2014,434.95
05-06-2014,458.78
05-07-2014,455.5
05-08-2014,455.78
05-09-2014,459.46
05-10-2014,455.4
05-11-2014,441.07
05-12-2014,442.27
05-13-2014,444.28
05-14-2014,450.03
05-15-2014,455.15
05-16-2014,455.94
05-17-2014,454
05-18-2014,451.69
05-19-2014,486.23
05-20-2014,495.21
05-21-2014,519.25
05-22-2014,540.88
05-23-2014,526.65
05-24-2014,575.19
05-25-2014,586.41
05-26-2014,586.22
05-27-2014,581.81
05-28-2014,573.83
05-29-2014,613.26
05-30-2014,629.04
05-31-2014,674.98
06-01-2014,662.63
06-02-2014,676.47
06-03-2014,669.78
06-04-2014,665.39
06-05-2014,663.84
06-06-2014,659.77
06-07-2014,658.88
06-08-2014,652.12
06-09-2014,661.44
06-10-2014,663.04
06-11-2014,643.8
06-12-2014,619.14
06-13-2014,613.77
06-14-2014,587.83
06-15-2014,606.14
06-16-2014,608.43
06-17-2014,614.4
06-18-2014,612.58
06-19-2014,602.05
06-20-2014,599.21
06-21-2014,610.08
06-22-2014,604.65
06-23-2014,595.65
06-24-2014,589.56
06-25-2014,582.71
06-26-2014,603.94
06-27-2014,608.76
06-28-2014,604.28
06-29-2014,637.28
06-30-2014,652.54
07-01-2014,652.1
07-02-2014,646.4
07-03-2014,642.22
07-04-2014,627.8
07-05-2014,629.44
07-06-2014,627.93
07-07-2014,619.65
07-08-2014,623.82
07-09-2014,624.95
07-10-2014,633.62
07-11-2014,638.59
07-12-2014,638.64
07-13-2014,628.99
07-14-2014,624.42
07-15-2014,622.36
07-16-2014,632.55
07-17-2014,630.15
07-18-2014,634.14
07-19-2014,627.93
07-20-2014,625.93
07-21-2014,628.81
07-22-2014,624.99
07-23-2014,621.96
07-24-2014,609.06
07-25-2014,602.98
07-26-2014,601.49
07-27-2014,597.49
07-28-2014,591.28
07-29-2014,586.13
07-30-2014,593.73
07-31-2014,603.99
08-01-2014,598.91
08-02-2014,592.06
08-03-2014,595.09
08-04-2014,594.25
08-05-2014,593.79
08-06-2014,595.08
08-07-2014,608.2
08-08-2014,595.56
08-09-2014,596.64
08-10-2014,593.62
08-11-2014,578.29
08-12-2014,573.51
08-13-2014,544.94
08-14-2014,515.24
08-15-2014,524.25
08-16-2014,524.71
08-17-2014,493.26
08-18-2014,487.05
08-19-2014,521.84
08-20-2014,537.17
08-21-2014,524.44
08-22-2014,516.82
08-23-2014,514.82
08-24-2014,511.33
08-25-2014,516.04
08-26-2014,527.37
08-27-2014,521.59
08-28-2014,515.18
08-29-2014,512.91
08-30-2014,508.34
08-31-2014,487.47
09-01-2014,486.99
09-02-2014,487.29
09-03-2014,498.47
09-04-2014,495.02
09-05-2014,491.38
09-06-2014,490.72
09-07-2014,487.02
09-08-2014,478.6
09-09-2014,491.04
09-10-2014,488.92
09-11-2014,479.71
09-12-2014,480.64
09-13-2014,480.33
09-14-2014,479.28
09-15-2014,478.81
09-16-2014,469.39
09-17-2014,462.26
09-18-2014,429.17
09-19-2014,427.69
09-20-2014,415.07
09-21-2014,410.75
09-22-2014,445.51
09-23-2014,439.19
09-24-2014,427.55
09-25-2014,416.42
09-26-2014,407.07
09-27-2014,402.27
09-28-2014,389.26
09-29-2014,395.18
09-30-2014,395.13
10-01-2014,385.59
10-02-2014,378.22
10-03-2014,369.88
10-04-2014,344.25
10-05-2014,347.94
10-06-2014,345.51
10-07-2014,351.64
10-08-2014,384.61
10-09-2014,378.13
10-10-2014,370.15
10-11-2014,374.57
10-12-2014,391.22
10-13-2014,407.74
10-14-2014,397.87
10-15-2014,398.84
10-16-2014,384.76
10-17-2014,395.71
10-18-2014,394.49
10-19-2014,387.77
10-20-2014,388.24
10-21-2014,383.69
10-22-2014,381.08
10-23-2014,360.87
10-24-2014,356.57
10-25-2014,356.8
10-26-2014,356.35
10-27-2014,355.72
10-28-2014,352.83
10-29-2014,350.38
10-30-2014,347.97
10-31-2014,339
11-01-2014,329.76
11-02-2014,332.85
11-03-2014,328.75
11-04-2014,341.98
11-05-2014,351.14
11-06-2014,351.61
11-07-2014,346.29
11-08-2014,362.21
11-09-2014,374.67
11-10-2014,370.99
11-11-2014,442.73
11-12-2014,480.45
11-13-2014,430.18
11-14-2014,407.32
11-15-2014,390.36
11-16-2014,412.33
11-17-2014,394.94
11-18-2014,389.29
11-19-2014,383.03
11-20-2014,358.73
11-21-2014,364.21
11-22-2014,370.59
11-23-2014,388.72
11-24-2014,395.73
11-25-2014,378.27
11-26-2014,374.43
11-27-2014,383.25
11-28-2014,389.3
11-29-2014,381.06
11-30-2014,383.58
12-01-2014,384.87
12-02-2014,384.67
12-03-2014,380.43
12-04-2014,379.7
12-05-2014,380.33
12-06-2014,377.88
12-07-2014,377.36
12-08-2014,365.35
12-09-2014,354.07
12-10-2014,367.13
12-11-2014,356.43
12-12-2014,353.1
12-13-2014,351.59
12-14-2014,351.22
12-15-2014,346.45
12-16-2014,335.67
12-17-2014,325.62
12-18-2014,320.24
12-19-2014,332.62
12-20-2014,332.03
12-21-2014,335.26
12-22-2014,339.32
12-23-2014,336.28
12-24-2014,323.38
12-25-2014,332.88
12-26-2014,330.7
12-27-2014,322.84
12-28-2014,321.61
12-29-2014,316.18
12-30-2014,319.09
12-31-2014,321.36
01-01-2015,316.4
01-02-2015,315.83
01-03-2015,289.94
01-04-2015,278.32
01-05-2015,285.11
01-06-2015,296.06
01-07-2015,292.71
01-08-2015,290.59
01-09-2015,289.25
01-10-2015,278.01
01-11-2015,273.08
01-12-2015,269.1
01-13-2015,230.86
01-14-2015,231.26
01-15-2015,222.63
01-16-2015,212.59
01-17-2015,220.73
01-18-2015,219.48
01-19-2015,216.57
01-20-2015,229.32
01-21-2015,238.78
01-22-2015,236.97
01-23-2015,248.88
01-24-2015,256.43
01-25-2015,310.91
01-26-2015,276.9
01-27-2015,267.66
01-28-2015,241.51
01-29-2015,244.83
01-30-2015,235.36
01-31-2015,231.44
02-01-2015,242.51
02-02-2015,247.48
02-03-2015,230.71
02-04-2015,229.85
02-05-2015,226.16
02-06-2015,231
02-07-2015,230.23
02-08-2015,225
02-09-2015,222.19
02-10-2015,223.53
02-11-2015,223
02-12-2015,241.58
02-13-2015,261.25
02-14-2015,264.57
02-15-2015,240.03
02-16-2015,247.17
02-17-2015,245.51
02-18-2015,244.11
02-19-2015,247.76
02-20-2015,247.32
02-21-2015,246.54
02-22-2015,240.06
02-23-2015,240.25
02-24-2015,239.64
02-25-2015,238.17
02-26-2015,258.72
02-27-2015,255.4
02-28-2015,260.65
03-01-2015,274.8
03-02-2015,287.06
03-03-2015,284.47
03-04-2015,280.84
03-05-2015,277.99
03-06-2015,278.25
03-07-2015,278.78
03-08-2015,293.26
03-09-2015,300.96
03-10-2015,297.66
03-11-2015,296.98
03-12-2015,294.92
03-13-2015,288.4
03-14-2015,286.39
03-15-2015,294.01
03-16-2015,292.46
03-17-2015,285.65
03-18-2015,264.8
03-19-2015,264.71
03-20-2015,263.26
03-21-2015,270.42
03-22-2015,271.01
03-23-2015,267.02
03-24-2015,249.21
03-25-2015,254.69
03-26-2015,250.05
03-27-2015,254.25
03-28-2015,252.81
03-29-2015,248.83
03-30-2015,248.7
03-31-2015,247.67
04-01-2015,254.85
04-02-2015,256.53
04-03-2015,255.24
04-04-2015,260.26
04-05-2015,261.45
04-06-2015,255.6
04-07-2015,254.26
04-08-2015,246.22
04-09-2015,244.11
04-10-2015,240
04-11-2015,237.52
04-12-2015,236.75
04-13-2015,224.72
04-14-2015,223.56
04-15-2015,229.53
04-16-2015,229.28
04-17-2015,224.47
04-18-2015,226.94
04-19-2015,226.72
04-20-2015,235.27
04-21-2015,238.4
04-22-2015,236.12
04-23-2015,236.55
04-24-2015,232.29
04-25-2015,226.72
04-26-2015,242.65
04-27-2015,229.87
04-28-2015,227.24
04-29-2015,240.01
04-30-2015,239.42
05-01-2015,236.38
05-02-2015,243.58
05-03-2015,243.2
05-04-2015,239.61
05-05-2015,237.15
05-06-2015,240.25
05-07-2015,247.01
05-08-2015,247.87
05-09-2015,244.82
05-10-2015,243.95
05-11-2015,243
05-12-2015,243.91
05-13-2015,239.17
05-14-2015,238.83
05-15-2015,237.78
05-16-2015,237.77
05-17-2015,237.1
05-18-2015,234.5
05-19-2015,235.17
05-20-2015,236.65
05-21-2015,242
05-22-2015,241.73
05-23-2015,242.39
05-24-2015,241.79
05-25-2015,238.99
05-26-2015,238.95
05-27-2015,238.41
05-28-2015,237.89
05-29-2015,237.06
05-30-2015,233.99
05-31-2015,231.76
06-01-2015,227.44
06-02-2015,227.86
06-03-2015,226.71
06-04-2015,226.36
06-05-2015,225.76
06-06-2015,226.36
06-07-2015,229.91
06-08-2015,231.36
06-09-2015,230.44
06-10-2015,230.64
06-11-2015,231.58
06-12-2015,233.14
06-13-2015,235.51
06-14-2015,238.55
06-15-2015,254.15
06-16-2015,258.48
06-17-2015,251.95
06-18-2015,250.81
06-19-2015,246.63
06-20-2015,246.03
06-21-2015,248.6
06-22-2015,247.67
06-23-2015,244.51
06-24-2015,243.65
06-25-2015,243.49
06-26-2015,251.57
06-27-2015,251.59
06-28-2015,257.54
06-29-2015,268.73
06-30-2015,265
07-01-2015,261.29
07-02-2015,256.71
07-03-2015,261.08
07-04-2015,274.14
07-05-2015,277.48
07-06-2015,271.34
07-07-2015,273.57
07-08-2015,272.31
07-09-2015,297.85
07-10-2015,298.76
07-11-2015,315.88
07-12-2015,310.88
07-13-2015,296.96
07-14-2015,292.92
07-15-2015,290.84
07-16-2015,280.76
07-17-2015,282.53
07-18-2015,277.07
07-19-2015,278.85
07-20-2015,281.05
07-21-2015,277.39
07-22-2015,277.85
07-23-2015,289.81
07-24-2015,291.24
07-25-2015,293.28
07-26-2015,295.79
07-27-2015,296.68
07-28-2015,294.72
07-29-2015,289.89
07-30-2015,288.69
07-31-2015,284.53
08-01-2015,282.5
08-02-2015,285
08-03-2015,285.66
08-04-2015,285.45
08-05-2015,281.98
08-06-2015,279.6
08-07-2015,278.92
08-08-2015,266.75
08-09-2015,266.63
08-10-2015,269.9
08-11-2015,271.5
08-12-2015,268.39
08-13-2015,267.22
08-14-2015,266.55
08-15-2015,261.92
08-16-2015,259.93
08-17-2015,257.53
08-18-2015,247.95
08-19-2015,238.03
08-20-2015,236.3
08-21-2015,235.07
08-22-2015,232.7
08-23-2015,228.43
08-24-2015,226.55
08-25-2015,230.69
08-26-2015,228.44
08-27-2015,234.81
08-28-2015,233.09
08-29-2015,232.32
08-30-2015,231.79
08-31-2015,231.45
09-01-2015,230.59
09-02-2015,229.62
09-03-2015,231.06
09-04-2015,235.61
09-05-2015,243.64
09-06-2015,242.66
09-07-2015,246.38
09-08-2015,244.34
09-09-2015,240.63
09-10-2015,241.02
09-11-2015,240.32
09-12-2015,236.16
09-13-2015,232.64
09-14-2015,242.83
09-15-2015,230.89
09-16-2015,235.17
09-17-2015,234.69
09-18-2015,233.35
09-19-2015,232.67
09-20-2015,231.63
09-21-2015,233.24
09-22-2015,232.2
09-23-2015,235.84
09-24-2015,237.58
09-25-2015,235.71
09-26-2015,234.75
09-27-2015,240.39
09-28-2015,240.39
09-29-2015,237.83
09-30-2015,238.66
10-01-2015,238.45
10-02-2015,239.52
10-03-2015,277.58
10-04-2015,240.53
10-05-2015,247.61
10-06-2015,247.28
10-07-2015,244.79
10-08-2015,244.56
10-09-2015,245.93
10-10-2015,248.26
10-11-2015,248.02
10-12-2015,251.19
10-13-2015,255.06
10-14-2015,256.76
10-15-2015,267.27
10-16-2015,275.41
10-17-2015,272.44
10-18-2015,265.95
10-19-2015,272.12
10-20-2015,272.17
10-21-2015,278.74
10-22-2015,279.77
10-23-2015,283.05
10-24-2015,295.56
10-25-2015,287.62
10-26-2015,298.43
10-27-2015,307.46
10-28-2015,318.48
10-29-2015,334.92
10-30-2015,333.25
10-31-2015,324.34
11-01-2015,365.75
11-02-2015,416.78
11-03-2015,492.8
11-04-2015,447.24
11-05-2015,396.35
11-06-2015,391.75
11-07-2015,389.78
11-08-2015,385.11
11-09-2015,381.38
11-10-2015,341.76
11-11-2015,346.13
11-12-2015,341.79
11-13-2015,369.8
11-14-2015,334.78
11-15-2015,332.01
11-16-2015,342.91
11-17-2015,337.39
11-18-2015,335.64
11-19-2015,327.06
11-20-2015,328.42
11-21-2015,326.94
11-22-2015,325
11-23-2015,323.26
11-24-2015,330.04
11-25-2015,368.92
11-26-2015,363.9
11-27-2015,360.08
11-28-2015,372.84
11-29-2015,382.56
11-30-2015,379.02
12-01-2015,363.43
12-02-2015,371.37
12-03-2015,363.95
12-04-2015,390.28
12-05-2015,402.19
12-06-2015,398.74
12-07-2015,411.07
12-08-2015,424.58
12-09-2015,420.36
12-10-2015,453.37
12-11-2015,467.71
12-12-2015,440.97
12-13-2015,449.45
12-14-2015,464.23
12-15-2015,465.16
12-16-2015,458.44
12-17-2015,466.12
12-18-2015,465.99
12-19-2015,462.76
12-20-2015,445.54
12-21-2015,443.22
12-22-2015,444.78
12-23-2015,460.62
12-24-2015,457.44
12-25-2015,456.48
12-26-2015,425.51
12-27-2015,429.85
12-28-2015,433.56
12-29-2015,435.04
12-30-2015,433.12
12-31-2015,437.95
01-01-2016,437.43
01-02-2016,434.14
01-03-2016,435.26
01-04-2016,435.25
01-05-2016,432.11
01-06-2016,457.54
01-07-2016,462.92
01-08-2016,454.55
01-09-2016,448.88
01-10-2016,451.08
01-11-2016,448.41
01-12-2016,443.72
01-13-2016,433.74
01-14-2016,430.15
01-15-2016,386.72
01-16-2016,390.72
01-17-2016,387.29
01-18-2016,386.69
01-19-2016,425.72
01-20-2016,423.42
01-21-2016,411.49
01-22-2016,395.43
01-23-2016,405.4
01-24-2016,403.78
01-25-2016,397.74
01-26-2016,397.37
01-27-2016,395.42
01-28-2016,385.75
01-29-2016,381.75
01-30-2016,380.54
01-31-2016,379.78
02-01-2016,376.63
02-02-2016,375.89
02-03-2016,391.83
02-04-2016,391.15
02-05-2016,386.35
02-06-2016,382.61
02-07-2016,380.92
02-08-2016,377.59
02-09-2016,385.38
02-10-2016,383.23
02-11-2016,386.4
02-12-2016,392.57
02-13-2016,405.93
02-14-2016,410.85
02-15-2016,409.75
02-16-2016,421.45
02-17-2016,425.51
02-18-2016,424.26
02-19-2016,442.66
02-20-2016,447.61
02-21-2016,440.18
02-22-2016,440.76
02-23-2016,425.17
02-24-2016,427.18
02-25-2016,427.58
02-26-2016,434.14
02-27-2016,435.62
02-28-2016,441.32
02-29-2016,439.02
03-01-2016,435.91
03-02-2016,425.83
03-03-2016,423.39
03-04-2016,410.06
03-05-2016,412.02
03-06-2016,416.58
03-07-2016,416.72
03-08-2016,414.88
03-09-2016,417.48
03-10-2016,422.4
03-11-2016,420.67
03-12-2016,415.93
03-13-2016,416.08
03-14-2016,417.37
03-15-2016,416.95
03-16-2016,419.56
03-17-2016,418.58
03-18-2016,410.49
03-19-2016,413.45
03-20-2016,413.09
03-21-2016,417.94
03-22-2016,419.58
03-23-2016,417.68
03-24-2016,417.3
03-25-2016,417.71
03-26-2016,427.36
03-27-2016,425.36
03-28-2016,424.53
03-29-2016,416.22
03-30-2016,417.16
03-31-2016,416.86
04-01-2016,420.09
04-02-2016,420.18
04-03-2016,420.39
04-04-2016,423.67
04-05-2016,422.81
04-06-2016,422.03
04-07-2016,423.51
04-08-2016,418.85
04-09-2016,421.63
04-10-2016,422.35
04-11-2016,426.69
04-12-2016,426.58
04-13-2016,425.44
04-14-2016,429.49
04-15-2016,432
04-16-2016,430.62
04-17-2016,429.07
04-18-2016,436.07
04-19-2016,442.86
04-20-2016,450.8
04-21-2016,450.19
04-22-2016,451.48
04-23-2016,461.78
04-24-2016,466.23
04-25-2016,468.86
04-26-2016,467.87
04-27-2016,450.1
04-28-2016,456.31
04-29-2016,456.86
04-30-2016,454.21
05-01-2016,453.87
05-02-2016,451.54
05-03-2016,450.87
05-04-2016,449.19
05-05-2016,461.48
05-06-2016,460.61
05-07-2016,460.18
05-08-2016,464.18
05-09-2016,462.14
05-10-2016,456.15
05-11-2016,455.34
05-12-2016,457.22
05-13-2016,457.74
05-14-2016,460.28
05-15-2016,459.57
05-16-2016,456.3
05-17-2016,456.65
05-18-2016,455.19
05-19-2016,447.76
05-20-2016,445.24
05-21-2016,444.24
05-22-2016,444.99
05-23-2016,447.9
05-24-2016,451.21
05-25-2016,454.25
05-26-2016,479.22
05-27-2016,531.76
05-28-2016,548.04
05-29-2016,544.18
05-30-2016,546.92
05-31-2016,542.26
06-01-2016,541.55
06-02-2016,573.72
06-03-2016,592.68
06-04-2016,583.64
06-05-2016,586.73
06-06-2016,591.32
06-07-2016,582.44
06-08-2016,580.71
06-09-2016,579.26
06-10-2016,592.61
06-11-2016,683.85
06-12-2016,718.24
06-13-2016,702.52
06-14-2016,695.07
06-15-2016,769.73
06-16-2016,771.89
06-17-2016,776.04
06-18-2016,765.1
06-19-2016,764.6
06-20-2016,732.23
06-21-2016,677.8
06-22-2016,629.55
06-23-2016,687.39
06-24-2016,688.1
06-25-2016,665.19
06-26-2016,650.34
06-27-2016,659.27
06-28-2016,645.91
06-29-2016,673.04
06-30-2016,685.11
07-01-2016,700.46
07-02-2016,701.49
07-03-2016,679.03
07-04-2016,679.19
07-05-2016,678.39
07-06-2016,676.19
07-07-2016,663.43
07-08-2016,663.49
07-09-2016,651.98
07-10-2016,657.47
07-11-2016,673.19
07-12-2016,672.02
07-13-2016,661.88
07-14-2016,667.46
07-15-2016,665.41
07-16-2016,680.94
07-17-2016,680.42
07-18-2016,673.24
07-19-2016,672.29
07-20-2016,666.51
07-21-2016,669.44
07-22-2016,658.17
07-23-2016,664.21
07-24-2016,662.51
07-25-2016,657.76
07-26-2016,659.08
07-27-2016,657.96
07-28-2016,657.4
07-29-2016,657.55
07-30-2016,654.92
07-31-2016,627.89
08-01-2016,613.75
08-02-2016,573.06
08-03-2016,584.89
08-04-2016,579.97
08-05-2016,596.68
08-06-2016,596.01
08-07-2016,594.24
08-08-2016,591.2
08-09-2016,600.52
08-10-2016,599.15
08-11-2016,591.14
08-12-2016,590.07
08-13-2016,585.8
08-14-2016,574.97
08-15-2016,583.38
08-16-2016,581.1
08-17-2016,579.53
08-18-2016,577.86
08-19-2016,583.5
08-20-2016,585.32
08-21-2016,591.9
08-22-2016,589.87
08-23-2016,584.47
08-24-2016,580.71
08-25-2016,582.73
08-26-2016,580.41
08-27-2016,576.32
08-28-2016,578.61
08-29-2016,579.94
08-30-2016,578.25
08-31-2016,704.97
09-01-2016,577.6
09-02-2016,604.97
09-03-2016,615.2
09-04-2016,610.61
09-05-2016,611.95
09-06-2016,616.48
09-07-2016,629.3
09-08-2016,627.58
09-09-2016,627.45
09-10-2016,630.77
09-11-2016,610.62
09-12-2016,612.03
09-13-2016,612.16
09-14-2016,610.73
09-15-2016,610.36
09-16-2016,609.61
09-17-2016,612.38
09-18-2016,612.41
09-19-2016,611.27
09-20-2016,608.82
09-21-2016,599.78
09-22-2016,603.7
09-23-2016,605.92
09-24-2016,604.87
09-25-2016,608.46
09-26-2016,608.97
09-27-2016,606.9
09-28-2016,607.23
09-29-2016,608.78
09-30-2016,615
10-01-2016,614.21
10-02-2016,613.2
10-03-2016,612.68
10-04-2016,613.65
10-05-2016,612.68
10-06-2016,619.43
10-07-2016,619.56
10-08-2016,618.35
10-09-2016,618.81
10-10-2016,642.35
10-11-2016,642.51
10-12-2016,639.52
10-13-2016,640.46
10-14-2016,641.4
10-15-2016,642.18
10-16-2016,641.29
10-17-2016,639.34
10-18-2016,637.27
10-19-2016,630.83
10-20-2016,633.26
10-21-2016,659.89
10-22-2016,661.2
10-23-2016,654.32
10-24-2016,662.54
10-25-2016,678.39
10-26-2016,687.88
10-27-2016,688.43
10-28-2016,720.19
10-29-2016,714.91
10-30-2016,707.21
10-31-2016,734.36
11-01-2016,735.78
11-02-2016,744.43
11-03-2016,706.64
11-04-2016,706.38
11-05-2016,714.13
11-06-2016,711.66
11-07-2016,714.63
11-08-2016,741.23
11-09-2016,723.02
11-10-2016,719.79
11-11-2016,717.37
11-12-2016,705.61
11-13-2016,708.03
11-14-2016,716.93
11-15-2016,745.98
11-16-2016,751.91
11-17-2016,751.43
11-18-2016,755.34
11-19-2016,752.26
11-20-2016,744.33
11-21-2016,754.01
11-22-2016,750.93
11-23-2016,744.24
11-24-2016,741.25
11-25-2016,740.96
11-26-2016,738.29
11-27-2016,738.1
11-28-2016,737.04
11-29-2016,745.39
11-30-2016,755.48
12-01-2016,779.02
12-02-2016,772.32
12-03-2016,769.23
12-04-2016,769.18
12-05-2016,762.48
12-06-2016,769.02
12-07-2016,773.41
12-08-2016,773.48
12-09-2016,776.96
12-10-2016,774.16
12-11-2016,781.26
12-12-2016,790.33
12-13-2016,780.77
12-14-2016,780.27
12-15-2016,783.94
12-16-2016,791.57
12-17-2016,791.26
12-18-2016,793.73
12-19-2016,800.02
12-20-2016,833.13
12-21-2016,874.68
12-22-2016,920.26
12-23-2016,920.49
12-24-2016,895.24
12-25-2016,909.32
12-26-2016,937.91
12-27-2016,974.51
12-28-2016,982.57
12-29-2016,971.59
12-30-2016,965.47
12-31-2016,1001.61
01-01-2017,1031.68
01-02-2017,1035.47
01-03-2017,1148.54
01-04-2017,1150.63
01-05-2017,1027.42
01-06-2017,900.86
01-07-2017,936.13
01-08-2017,910.47
01-09-2017,911.32
01-10-2017,917.65
01-11-2017,828.21
01-12-2017,835.05
01-13-2017,838.9
01-14-2017,826.43
01-15-2017,836.66
01-16-2017,906.38
01-17-2017,913.67
01-18-2017,905.28
01-19-2017,901.49
01-20-2017,928.93
01-21-2017,938.38
01-22-2017,927.98
01-23-2017,925.61
01-24-2017,905.7
01-25-2017,919.32
01-26-2017,922.56
01-27-2017,921.89
01-28-2017,922.4
01-29-2017,922.35
01-30-2017,967.45
01-31-2017,986.57
02-01-2017,1009.13
02-02-2017,1023.72
02-03-2017,1041.04
02-04-2017,1033.66
02-05-2017,1030.6
02-06-2017,1054.1
02-07-2017,1069.23
02-08-2017,1073.03
02-09-2017,1005.6
02-10-2017,1014.32
02-11-2017,1007.82
02-12-2017,1007.61
02-13-2017,1013.8
02-14-2017,1010.93
02-15-2017,1040.28
02-16-2017,1057.39
02-17-2017,1063.21
02-18-2017,1056.48
02-19-2017,1081.78
02-20-2017,1123.03
02-21-2017,1132.25
02-22-2017,1181.6
02-23-2017,1211.74
02-24-2017,1180.01
02-25-2017,1177.47
02-26-2017,1195.82
02-27-2017,1208.22
02-28-2017,1225.04
03-01-2017,1286.98
03-01-2017,1286.98
03-02-2017,1291.35
03-03-2017,1285.78
03-04-2017,1273.28
03-05-2017,1280.61
03-06-2017,1280.89
03-07-2017,1242.04
03-08-2017,1206.97
03-09-2017,1330.42
03-10-2017,1202.69
03-11-2017,1235.46
03-12-2017,1245.63
03-13-2017,1255.52
03-14-2017,1256.95
03-15-2017,1260.24
03-16-2017,1174.9
03-17-2017,1103.61
03-18-2017,1063.67
03-19-2017,1057.5
03-20-2017,1125.53
03-21-2017,1121.88
03-22-2017,1062.79
03-23-2017,1038.38
03-24-2017,995.96
03-25-2017,1004.32
03-26-2017,1048.85
03-27-2017,1068.41
03-28-2017,1058.66
03-29-2017,1052.66
03-30-2017,1088.2
03-31-2017,1103.74
04-01-2017,1109.48
04-02-2017,1157.87
04-03-2017,1161.19
04-04-2017,1143.84
04-05-2017,1201.55
04-06-2017,1201.23
04-07-2017,1198.22
04-08-2017,1215.1
04-09-2017,1214.87
04-10-2017,1229.57
04-11-2017,1225.46
04-12-2017,1218.66
04-13-2017,1195.4
04-14-2017,1194.85
04-15-2017,1187.97
04-16-2017,1202.97
04-17-2017,1213.88
04-18-2017,1218.21
04-19-2017,1246.64
04-20-2017,1256.97
04-21-2017,1256.97
04-22-2017,1256.23
04-23-2017,1256.36
04-24-2017,1272.62
04-25-2017,1309.2
04-26-2017,1346.79
04-27-2017,1356.15
04-28-2017,1343.69
04-29-2017,1358.94
04-30-2017,1448.68
05-01-2017,1471.14
05-02-2017,1496.39
05-03-2017,1609.84
05-04-2017,1588.11
05-05-2017,1560.42
05-06-2017,1572.89
05-07-2017,1667.67
05-08-2017,1757.39
05-09-2017,1766.18
05-10-2017,1864.76
05-11-2017,1822.51
05-12-2017,1770.5
05-13-2017,1802.75
05-14-2017,1776.65
05-15-2017,1752.55
05-16-2017,1842.83
05-17-2017,1980.49
05-18-2017,1969.7
05-19-2017,2048.45
05-20-2017,2094.94
05-21-2017,2264.76
05-22-2017,2286.3
05-23-2017,2496.98
05-24-2017,2781.76
05-25-2017,2616.52
05-26-2017,2322.37
05-27-2017,2300.52
05-28-2017,2337.35
05-29-2017,2329.26
05-30-2017,2330.62
05-31-2017,2460.84
06-01-2017,2493.97
06-02-2017,2582.77
06-03-2017,2559.79
06-04-2017,2705.38
06-05-2017,2931.24
06-06-2017,2880.95
06-07-2017,2808.41
06-08-2017,2852.07
06-09-2017,2914.19
06-10-2017,2977.86
06-11-2017,2985.06
06-12-2017,2784.77
06-13-2017,2803.72
06-14-2017,2521.6
06-15-2017,2536.42
06-16-2017,2690.71
06-17-2017,2676.04
06-18-2017,2617.75
06-19-2017,2800.48
06-20-2017,2804.41
06-21-2017,2757.32
06-22-2017,2759.66
06-23-2017,2741.56
06-24-2017,2660.66
06-25-2017,2584.75
06-26-2017,2585.06
06-27-2017,2616.95
06-28-2017,2605.86
06-29-2017,2576.28
06-30-2017,2529.62
07-01-2017,2555.34
07-02-2017,2617.48
07-03-2017,2658.73
07-04-2017,2642.74
07-05-2017,2634.84
07-06-2017,2617.48
07-07-2017,2568.73
07-08-2017,2576.73
07-09-2017,2530.34
07-10-2017,2412.75
07-11-2017,2424.82
07-12-2017,2436.66
07-13-2017,2370.53
07-14-2017,2237.13
07-15-2017,2044.41
07-16-2017,2233.83
07-17-2017,2400.74
07-18-2017,2412.38
07-19-2017,2932.81
07-20-2017,2873.96
07-21-2017,2876.71
07-22-2017,2856.67
07-23-2017,2798.89
07-24-2017,2779.08
07-25-2017,2631.73
07-26-2017,2712.92
07-27-2017,2843.78
07-28-2017,2812.13
07-29-2017,2773.06
07-30-2017,2916.3
07-31-2017,2946.02
08-01-2017,2773.8
08-02-2017,2822.88
08-03-2017,2892.67
08-04-2017,3344.01
08-05-2017,3295.07
08-06-2017,3425.13
08-07-2017,3494.87
08-08-2017,3437.15
08-09-2017,3453.84
08-10-2017,3706.48
08-11-2017,3967.26
08-12-2017,4189.42
08-13-2017,4336.71
08-14-2017,4436.48
08-15-2017,4398.06
08-16-2017,4487.5
08-17-2017,4362.73
08-18-2017,4189.68
08-19-2017,4182.29
08-20-2017,4097.25
08-21-2017,4142.68
08-22-2017,4255.62
08-23-2017,4364.11
08-24-2017,4461.71
08-25-2017,4379.28
08-26-2017,4408.18
08-27-2017,4403.13
08-28-2017,4647.83
08-29-2017,4644.06
08-30-2017,4765.07
08-31-2017,4925.23
09-01-2017,4976.52
09-02-2017,4719.78
09-03-2017,4621.01
09-04-2017,4496.67
09-05-2017,4660.04
09-06-2017,4690.55
09-07-2017,4699.59
09-08-2017,4402.15
09-09-2017,4338.08
09-10-2017,4364.42
09-11-2017,4387.76
09-12-2017,4174.58
09-13-2017,3930.69
09-14-2017,3824.43
09-15-2017,3893.67
09-16-2017,3796.56
09-17-2017,4122.75
09-18-2017,4120.71
09-19-2017,4053.04
09-20-2017,3912.79
09-21-2017,3753.51
09-22-2017,3813.39
09-23-2017,3790.89
09-24-2017,3971.5
09-25-2017,3982.31
09-26-2017,4232.35
09-27-2017,4274.64
09-28-2017,4237.51
09-29-2017,4383.27
09-30-2017,4412.62
10-01-2017,4477.38
10-02-2017,4435.99
10-03-2017,4355.29
10-04-2017,4365.76
10-05-2017,4422.15
10-06-2017,4472.92
10-07-2017,4622.87
10-08-2017,4875.38
10-09-2017,4930
10-10-2017,4874.89
10-11-2017,5432.63
10-12-2017,5852.78
10-13-2017,5839.62
10-14-2017,5862.69
10-15-2017,5795.33
10-16-2017,5773.32
10-17-2017,5601.3
10-18-2017,5737.41
10-19-2017,6075.32
10-20-2017,6187.2
10-21-2017,6070.56
10-22-2017,6048.98
10-23-2017,5904.63
10-24-2017,5747.96
10-25-2017,5970.4
10-26-2017,5997.83
10-27-2017,5871.04
10-28-2017,6295.43
10-29-2017,6226.18
10-30-2017,6467.2
10-31-2017,6738.74
11-01-2017,7339.91
11-02-2017,7445.62
11-03-2017,7492.24
11-04-2017,7599.44
11-05-2017,7429.7
11-06-2017,7222.37
11-07-2017,7869.1
11-08-2017,7457.12
11-09-2017,7318.97
11-10-2017,6821.5
11-11-2017,6490.53
11-12-2017,6760.15
11-13-2017,6728.59
11-14-2017,7330.06
11-15-2017,7964.64
11-16-2017,8000.19
11-17-2017,7857.52
11-18-2017,8100.87
11-19-2017,8294.12
11-20-2017,8368.36
11-21-2017,8304.37
11-22-2017,8266.55
11-23-2017,8332.94
11-24-2017,8761.98
11-25-2017,9474.62
11-26-2017,9733.61
11-27-2017,9969.58
11-28-2017,11417.84
11-29-2017,10689.06
11-30-2017,10942.8
12-01-2017,11175.23
12-02-2017,11851.09
12-03-2017,11624.63
12-04-2017,11901.87
12-05-2017,13843.2
12-06-2017,16879.26
12-07-2017,17294.85
12-08-2017,16313.18
12-09-2017,15783.2
12-10-2017,17399.18
12-11-2017,17560.65
12-12-2017,17267.96
12-13-2017,16941.08
12-14-2017,17987.03
12-15-2017,19587.7
12-16-2017,19870.62
12-17-2017,19221.1
12-18-2017,19021.97
12-19-2017,17813.6
12-20-2017,17301.83
12-21-2017,15823.72
12-22-2017,15493.23
12-23-2017,14413.72
12-24-2017,14467.43
12-25-2017,16094.67
12-26-2017,16514.59
12-27-2017,15505.51
12-28-2017,15109.81
12-29-2017,14461.46
12-30-2017,14241.82
12-31-2017,13921.53
01-01-2018,15306.13
01-02-2018,15435.01
01-03-2018,15408.66
01-04-2018,17126.95
01-05-2018,17252.85
01-06-2018,17184.81
01-07-2018,16302.92
01-08-2018,15390.28
01-09-2018,14919.49
01-10-2018,14979.96
01-11-2018,14129.08
01-12-2018,14595.04
01-13-2018,14415.67
01-14-2018,14355.82
01-15-2018,13648.84
01-16-2018,11736.3
01-17-2018,12018.43
01-18-2018,11780.49
01-19-2018,13031.04
01-20-2018,12787.35
01-21-2018,11913.74
01-22-2018,11388.52
01-23-2018,11531.6
01-24-2018,11741.92
01-25-2018,11656.54
01-26-2018,11638.69
01-27-2018,12064.19
01-28-2018,11860.29
01-29-2018,11263.7
01-30-2018,10377.96
01-31-2018,10280.84
02-01-2018,9147.93
02-02-2018,9504.37
02-03-2018,9400.99
02-04-2018,8391.29
02-05-2018,7932.38
02-06-2018,8572.68
02-07-2018,8643.94
02-08-2018,8743.2
02-09-2018,9081.49
02-10-2018,8573.35
02-11-2018,8997.34
02-12-2018,8955.15
02-13-2018,9508.22
02-14-2018,10223.58
02-15-2018,10303.14
02-16-2018,11119.45
02-17-2018,11288.34
02-18-2018,11265.96
02-19-2018,11802.23
02-20-2018,11295.58
02-21-2018,10941.57
02-22-2018,10420.67
02-23-2018,10528
02-24-2018,9873.79
02-25-2018,10457.51
02-26-2018,10879.38
02-27-2018,11067.76
02-28-2018,11090.3
03-01-2018,11191.94
03-02-2018,11530.66
03-03-2018,11539.79
03-04-2018,11694.15
03-05-2018,11441.65
03-06-2018,10913.7
03-07-2018,10119.21
03-08-2018,9433.38
03-09-2018,9518.62
03-10-2018,9735.64
03-11-2018,9907.41
03-12-2018,9486.12
03-13-2018,9360.66
03-14-2018,8432.12
03-15-2018,8616.63
03-16-2018,8360.64
03-17-2018,8299.86
03-18-2018,8725.6
03-19-2018,9056.23
03-20-2018,9184.51
03-21-2018,9107
03-22-2018,8935.88
03-23-2018,9036.23
03-24-2018,8690.36
03-25-2018,8521.04
03-26-2018,8226.24
03-27-2018,8117.79
03-28-2018,7983.77
03-29-2018,7280.27
03-30-2018,7228.4
03-31-2018,7056.22
04-01-2018,8218.66
04-02-2018,7528.97
04-03-2018,7442.42
04-04-2018,6933.66
04-05-2018,6869.53
04-06-2018,7083.85
04-07-2018,7132.03
04-08-2018,7204.28
04-09-2018,6922.84
04-10-2018,6999.37
04-11-2018,8051.95
04-12-2018,8237.16
04-13-2018,8195.34
04-14-2018,8437.03
04-15-2018,8430.93
04-16-2018,8187.6
04-17-2018,8246.57
04-18-2018,8321.01
04-19-2018,8945.14
04-20-2018,9047.82
04-21-2018,9043.98
04-22-2018,9025.73
04-23-2018,9741.91
04-24-2018,9765.23
04-25-2018,9315.13
04-26-2018,9385.87
04-27-2018,9435.9
04-28-2018,9552.67
04-29-2018,9459.81
04-30-2018,9251.66
05-01-2018,9271.62
05-02-2018,9817.19
05-03-2018,9785.15
05-04-2018,9968.85
05-05-2018,9936.96
05-06-2018,9662.23
05-07-2018,9472.09
05-08-2018,9373.46
05-09-2018,9393.95
05-10-2018,9032.27
05-11-2018,8653.8
05-12-2018,8773.96
05-13-2018,8883
05-14-2018,8848.69
05-15-2018,8501.65
05-16-2018,8476.45
05-17-2018,8280.45
05-18-2018,8397.27
05-19-2018,8591.45
05-20-2018,8585.85
05-21-2018,8428.6
05-22-2018,8031.63
05-23-2018,7729.48
05-24-2018,7652.37
05-25-2018,7626.69
05-26-2018,7420.07
05-27-2018,7455.55
05-28-2018,7533.03
05-29-2018,7571.08
05-30-2018,7608.87
05-31-2018,7614.66
06-01-2018,7697.34
06-02-2018,7774.96
06-03-2018,7760.73
06-04-2018,7672.7
06-05-2018,7701.35
06-06-2018,7755.92
06-07-2018,7709.61
06-08-2018,7691.74
06-09-2018,7514.04
06-10-2018,6913.85
06-11-2018,6888.33
06-12-2018,6623
06-13-2018,6719.44
06-14-2018,6667.23
06-15-2018,6569.15
06-16-2018,6585.77
06-17-2018,6802.03
06-18-2018,6839.6
06-19-2018,6817.9
06-20-2018,6790.08
06-21-2018,6731.51
06-22-2018,6257.88
06-23-2018,6254.02
06-24-2018,6344.45
06-25-2018,6286.36
06-26-2018,6192.11
06-27-2018,6172.23
06-28-2018,6286.67
06-29-2018,6503.33
06-30-2018,6429.5
07-01-2018,6673.71
07-02-2018,6670.3
07-03-2018,6777.97
07-04-2018,6691.32
07-05-2018,6633.44
07-06-2018,6814.42
07-07-2018,6782.85
07-08-2018,6803.1
07-09-2018,6683.61
07-10-2018,6405.59
07-11-2018,6394.93
07-12-2018,6349.21
07-13-2018,6332.46
07-14-2018,6401.5
07-15-2018,6761.84
07-16-2018,7476.24
07-17-2018,7590.65
07-18-2018,7563.7
07-19-2018,7676.55
07-20-2018,7453.07
07-21-2018,7569.28
07-22-2018,7798.59
07-23-2018,8485.71
07-24-2018,8481.11
07-25-2018,8302.24
07-26-2018,8278.01
07-27-2018,8238.04
07-28-2018,8291.55
07-29-2018,8273.61
07-30-2018,8176.27
07-31-2018,7760.74
08-01-2018,7713.32
08-02-2018,7542.49
08-03-2018,7490.89
08-04-2018,7092.53
08-05-2018,7160.4
08-06-2018,7150.86
08-07-2018,6723.99
08-08-2018,6631.23
08-09-2018,6582.14
08-10-2018,6488.55
08-11-2018,6483.39
08-12-2018,6545.02
08-13-2018,6266.5
08-14-2018,6620.07
08-15-2018,6478.07
08-16-2018,6594.72
08-17-2018,6622.16
08-18-2018,6560.88
08-19-2018,6537.54
08-20-2018,6506.69
08-21-2018,6890.79
08-22-2018,6575.28
08-23-2018,6736.83
08-24-2018,6808.89
08-25-2018,6793.17
08-26-2018,6944.21
08-27-2018,7136.71
08-28-2018,7137.47
08-29-2018,7072.64
08-30-2018,7096.73
08-31-2018,7272.03
09-01-2018,7384.38
09-02-2018,7350.58
09-03-2018,7417.65
09-04-2018,7401.43
09-05-2018,6727.19
09-06-2018,6549.39
09-07-2018,6480.57
09-08-2018,6451.25
09-09-2018,6371.42
09-10-2018,6415.51
09-11-2018,6357.89
09-12-2018,6534.89
09-13-2018,6591.59
09-14-2018,6573.19
09-15-2018,6525.05
09-16-2018,6538.82
09-17-2018,6393.39
09-18-2018,6522.9
09-19-2018,6551.93
09-20-2018,6785.22
09-21-2018,6834.49
09-22-2018,6768.56
09-23-2018,6717.6
09-24-2018,6583.54
09-25-2018,6543.92
09-26-2018,6733.94
09-27-2018,6806.1
09-28-2018,6635.42
09-29-2018,6741.96
09-30-2018,6662.6
10-01-2018,6618.95
10-02-2018,6537.07
10-03-2018,6622.32
10-04-2018,6683.55
10-05-2018,6637.08
10-06-2018,6622.49
10-07-2018,6698.31
10-08-2018,6657
10-09-2018,6633.22
10-10-2018,6581.59
10-11-2018,6296.56
10-12-2018,6280.73
10-13-2018,6346.56
10-14-2018,7234.83
10-15-2018,6724.91
10-16-2018,6589.2
10-17-2018,6616.27
10-18-2018,6503.09
10-19-2018,6645.2
10-20-2018,6557.39
10-21-2018,6531.23
10-22-2018,6496.2
10-23-2018,6538.35
10-24-2018,6497.9
10-25-2018,6514
10-26-2018,6479
10-27-2018,6483.24
10-28-2018,6483.39
10-29-2018,6340.68
10-30-2018,6391.25
10-31-2018,6402.59
11-01-2018,6420.93
11-02-2018,6398.09
11-03-2018,6498.16
11-04-2018,6475.8
11-05-2018,6482.81
11-06-2018,6562.79
11-07-2018,6542.42
11-08-2018,6457.97
11-09-2018,6419.92
11-10-2018,6414.18
11-11-2018,6435.41
11-12-2018,6389.43
11-13-2018,6375.7
11-14-2018,5767.06
11-15-2018,5676.54
11-16-2018,5602.01
11-17-2018,5701.35
11-18-2018,5615.98
11-19-2018,4953.56
11-20-2018,4689.55
11-21-2018,4640.72
11-22-2018,4419.48
11-23-2018,4432
11-24-2018,4165.93
11-25-2018,4124.7
11-26-2018,3878.9
11-27-2018,4398.57
11-28-2018,4444.39
11-29-2018,4331.07
11-30-2018,4309.65
12-01-2018,4318.79
12-02-2018,4159.01
12-03-2018,4082.68
12-04-2018,3961.8
12-05-2018,3883.43
12-06-2018,3576.11
12-07-2018,3602.49
12-08-2018,3718.58
12-09-2018,3645.49
12-10-2018,3483.58
12-11-2018,3545.37
12-12-2018,3493.76
12-13-2018,3333.24
12-14-2018,3271.76
12-15-2018,3319.83
12-16-2018,3639.65
12-17-2018,3727.99
12-18-2018,3969.7
12-19-2018,4225.52
12-20-2018,4247.71
12-21-2018,4060.34
12-22-2018,4117.65
12-23-2018,4303.37
12-24-2018,4094.61
12-25-2018,3923.93
12-26-2018,3888.92
12-27-2018,4007.71
12-28-2018,4004.14
12-29-2018,3925.18
12-30-2018,3904.28
12-31-2018,3938.75
01-01-2019,3989.59
01-02-2019,3965.52
01-03-2019,3901.65
01-04-2019,3926.92
01-05-2019,4145.16
01-06-2019,4132.62
01-07-2019,4156.16
01-08-2019,4092.91
01-09-2019,4085.09
01-10-2019,3729.69
01-11-2019,3692.12
01-12-2019,3675.2
01-13-2019,3748.88
01-14-2019,3724.3
01-15-2019,3704.37
01-16-2019,3695.28
01-17-2019,3685.39
01-18-2019,3799.62
01-19-2019,3754.65
01-20-2019,3599.83
01-21-2019,3635.69
01-22-2019,3631.15
01-23-2019,3616.33
01-24-2019,3607.43
01-25-2019,3676.4
01-26-2019,3605.99
01-27-2019,3567.56
01-28-2019,3463.2
01-29-2019,3488.91
01-30-2019,3499.78
01-31-2019,3478.55
02-01-2019,3519.14
02-02-2019,3514.43
02-03-2019,3470.8
02-04-2019,3447.88
02-05-2019,3459.33
02-06-2019,3406.54
02-07-2019,3735.1
02-08-2019,3673.71
02-09-2019,3689.32
02-10-2019,3688.59
02-11-2019,3648.67
02-12-2019,3655.89
02-13-2019,3619.7
02-14-2019,3640.65
02-15-2019,3639.75
02-16-2019,3706.17
02-17-2019,3952.44
02-18-2019,4010.91
02-19-2019,3992.31
02-20-2019,4026.54
02-21-2019,3996.15
02-22-2019,4192.39
02-23-2019,4221.62
02-24-2019,3885.06
02-25-2019,3852.66
02-26-2019,3851.84
02-27-2019,3909.86
02-28-2019,3866.12
03-01-2019,3846.38
03-02-2019,3853.28
03-03-2019,3831.01
03-04-2019,3893.52
03-05-2019,3916.29
03-06-2019,3911.76
03-07-2019,3932.02
03-08-2019,3975.25
03-09-2019,3948.21
03-10-2019,3941.99
03-11-2019,3904.7
03-12-2019,3898.25
03-13-2019,3922.21
03-14-2019,3935.1
03-15-2019,4069.11
03-16-2019,4030.38
03-17-2019,4038.99
03-18-2019,4032.04
03-19-2019,4064.95
03-20-2019,4082.29
03-21-2019,4018.21
03-22-2019,4019.36
03-23-2019,4010.3
03-24-2019,4005.29
03-25-2019,3943.2
03-26-2019,4054.32
03-27-2019,4046.44
03-28-2019,4122.89
03-29-2019,4146.88
03-30-2019,4129.43
03-31-2019,4164.33
04-01-2019,5104.42
04-02-2019,5335.7
04-03-2019,5071.98
04-04-2019,5074.13
04-05-2019,5240.19
04-06-2019,5266.04
04-07-2019,5347.88
04-08-2019,5294.09
04-09-2019,5460.94
04-10-2019,5343.66
04-11-2019,5118.61
04-12-2019,5128.96
04-13-2019,5186.82
04-14-2019,5195.31
04-15-2019,5232.03
04-16-2019,5270.76
04-17-2019,5317.78
04-18-2019,5353.01
04-19-2019,5366.6
04-20-2019,5348.59
04-21-2019,5444.76
04-22-2019,5626.83
04-23-2019,5633
04-24-2019,5521.61
04-25-2019,5361.94
04-26-2019,5282.97
04-27-2019,5313.7
04-28-2019,5299.51
04-29-2019,5372.23
04-30-2019,5417.17
05-01-2019,5531.15
05-02-2019,5891.9
05-03-2019,5901.36
05-04-2019,5849.5
05-05-2019,5823.67
05-06-2019,6031.54
05-07-2019,6032.25
05-08-2019,6194.91
05-09-2019,6444.57
05-10-2019,7394.94
05-11-2019,7541.61
05-12-2019,8127.75
05-13-2019,8297.02
05-14-2019,8263.29
05-15-2019,8352.25
05-16-2019,7930.98
05-17-2019,7491.67
05-18-2019,8281.66
05-19-2019,8193.14
05-20-2019,8102.32
05-21-2019,8033.76
05-22-2019,7971.26
05-23-2019,8165.45
05-24-2019,8140.82
05-25-2019,8779
05-26-2019,8931.53
05-27-2019,8818.71
05-28-2019,8760.48
05-29-2019,9065.89
05-30-2019,8570.78
05-31-2019,8619.21
06-01-2019,8819.9
06-02-2019,8740.24
06-03-2019,8114.49
06-04-2019,7917.14
06-05-2019,7872.1
06-06-2019,8127.63
06-07-2019,8058.91
06-08-2019,7964.75
06-09-2019,8061.5
06-10-2019,8049.78
06-11-2019,8250
06-12-2019,8326.2
06-13-2019,8724.42
06-14-2019,8905.14
06-15-2019,9372.89
06-16-2019,9468.85
06-17-2019,9357.22
06-18-2019,9313.18
06-19-2019,9600.28
06-20-2019,10230.86
06-21-2019,11207.97
06-22-2019,11285.51
06-23-2019,11100.92
06-24-2019,11778.22
06-25-2019,13826.76
06-26-2019,13314.05
06-27-2019,12433
06-28-2019,12362.9
06-29-2019,12200.02
06-30-2019,11207
07-01-2019,10927.6
07-02-2019,12009.59
07-03-2019,12055.11
07-04-2019,11435.38
07-05-2019,11709.27
07-06-2019,11605.43
07-07-2019,12386.28
07-08-2019,12808.06
07-09-2019,13183.73
07-10-2019,12099.91
07-11-2019,11931.91
07-12-2019,11835.87
07-13-2019,11447.92
07-14-2019,11070.18
07-15-2019,11025.76
07-16-2019,9982.24
07-17-2019,10776.54
07-18-2019,10757.41
07-19-2019,11094.32
07-20-2019,10833.99
07-21-2019,10676.6
07-22-2019,10328.44
07-23-2019,9920.54
07-24-2019,10184.43
07-25-2019,9890.05
07-26-2019,10202.95
07-27-2019,9591.52
07-28-2019,9717.69
07-29-2019,9749.53
07-30-2019,10123.94
07-31-2019,10488.81
08-01-2019,10666.64
08-02-2019,10915
08-03-2019,11074.95
08-04-2019,11945.38
08-05-2019,12316.85
08-06-2019,12138.55
08-07-2019,12042.87
08-08-2019,12027.57
08-09-2019,11971.35
08-10-2019,11584.35
08-11-2019,11554.74
08-12-2019,11439.48
08-13-2019,10873.44
08-14-2019,10451.61
08-15-2019,10544.97
08-16-2019,10474.64
08-17-2019,10512.89
08-18-2019,10937.26
08-19-2019,10956.06
08-20-2019,10805.7
08-21-2019,10231.99
08-22-2019,10468.14
08-23-2019,10430.99
08-24-2019,10353.95
08-25-2019,10626.93
08-26-2019,10381.92
08-27-2019,10281.59
08-28-2019,9724.52
08-29-2019,9699.85
08-30-2019,9714.11
08-31-2019,9823.53
09-01-2019,10459
09-02-2019,10773.27
09-03-2019,10827.14
09-04-2019,10659.6
09-05-2019,10938.39
09-06-2019,10574.99
09-07-2019,10595.71
09-08-2019,10514.59
09-09-2019,10395.1
09-10-2019,10251.97
09-11-2019,10472.07
09-12-2019,10591.45
09-13-2019,10455.38
09-14-2019,10401.53
09-15-2019,10411.06
09-16-2019,10297.99
09-17-2019,10272.19
09-18-2019,10368.46
09-19-2019,10321.18
09-20-2019,10187.64
09-21-2019,10096.66
09-22-2019,10073.79
09-23-2019,9787.58
09-24-2019,8752.2
09-25-2019,8471.02
09-26-2019,8304.22
09-27-2019,8345.03
09-28-2019,8265.99
09-29-2019,8372.24
09-30-2019,8537.6
10-01-2019,8403.51
10-02-2019,8434.63
10-03-2019,8267.11
10-04-2019,8232.25
10-05-2019,8221.03
10-06-2019,8326.01
10-07-2019,8354.19
10-08-2019,8697.56
10-09-2019,8672.58
10-10-2019,8834.11
10-11-2019,8439.44
10-12-2019,8498.59
10-13-2019,8414.24
10-14-2019,8439.31
10-15-2019,8193.41
10-16-2019,8145.5
10-17-2019,8157.36
10-18-2019,8108.69
10-19-2019,8326.13
10-20-2019,8359.52
10-21-2019,8318.41
10-22-2019,8071.8
10-23-2019,7524.31
10-24-2019,8783.85
10-25-2019,10380.48
10-26-2019,9805.42
10-27-2019,9934.71
10-28-2019,9565.11
10-29-2019,9441.8
10-30-2019,9423.16
10-31-2019,9308.62
11-01-2019,9400.44
11-02-2019,9396.1
11-03-2019,9578.74
11-04-2019,9495.36
11-05-2019,9455.53
11-06-2019,9382.63
11-07-2019,9263.83
11-08-2019,8881.08
11-09-2019,9126.98
11-10-2019,9084.49
11-11-2019,8868.85
11-12-2019,8840.33
11-13-2019,8811.04
11-14-2019,8773.4
11-15-2019,8539.42
11-16-2019,8641.12
11-17-2019,8537.87
11-18-2019,8215.95
11-19-2019,8232.23
11-20-2019,8133.73
11-21-2019,7721.9
11-22-2019,7368.18
11-23-2019,7364.59
11-24-2019,7386.06
11-25-2019,7350.44
11-26-2019,7681.51
11-27-2019,7663.45
11-28-2019,7872.17
11-29-2019,7821.01
11-30-2019,7575.5
12-01-2019,7442.62
12-02-2019,7420.34
12-03-2019,7764.68
12-04-2019,7492.96
12-05-2019,7607.79
12-06-2019,7640.51
12-07-2019,7594.8
12-08-2019,7667.04
12-09-2019,7403.64
12-10-2019,7284.74
12-11-2019,7307.96
12-12-2019,7308.08
12-13-2019,7283.78
12-14-2019,7204.93
12-15-2019,7172.46
12-16-2019,6948.12
12-17-2019,7442.26
12-18-2019,7376.98
12-19-2019,7234.56
12-20-2019,7213.86
12-21-2019,7527.4
12-22-2019,7694.65
12-23-2019,7429.42
12-24-2019,7280.52
12-25-2019,7442.21
12-26-2019,7267.46
12-27-2019,7368.09
12-28-2019,7540.65
12-29-2019,7414.07
12-30-2019,7325.24
12-31-2019,7267.16
01-01-2020,7224.84
01-02-2020,7407.11
01-03-2020,7405.75
01-04-2020,7501.42
01-05-2020,7799.63
01-06-2020,8218.63
01-07-2020,8458.65
01-08-2020,8047.11
01-09-2020,8192.05
01-10-2020,8287.42
01-11-2020,8185.14
01-12-2020,8200.4
01-13-2020,8874.07
01-14-2020,8890.04
01-15-2020,8846.78
01-16-2020,9004.35
01-17-2020,8974.65
01-18-2020,9177.39
01-19-2020,8737.36
01-20-2020,8771.75
01-21-2020,8793.74
01-22-2020,8680.93
01-23-2020,8517.5
01-24-2020,8444.32
01-25-2020,8605.33
01-26-2020,8991.01
01-27-2020,9407.39
01-28-2020,9429.16
01-29-2020,9561.26
01-30-2020,9518.87
01-31-2020,9455.92
02-01-2020,9469.84
02-02-2020,9605.66
02-03-2020,9347.12
02-04-2020,9750.28
02-05-2020,9853.08
02-06-2020,9866.18
02-07-2020,9936.26
02-08-2020,10162.71
02-09-2020,10185.09
02-10-2020,10370.44
02-11-2020,10475.43
02-12-2020,10500.54
02-13-2020,10387.37
02-14-2020,10388.6
02-15-2020,10042.6
02-16-2020,9958.46
02-17-2020,10274.35
02-18-2020,10300.04
02-19-2020,9698.59
02-20-2020,9766.16
02-21-2020,9720.21
02-22-2020,10011.4
02-23-2020,10019.3
02-24-2020,9682.05
02-25-2020,9379.07
02-26-2020,8978.84
02-27-2020,8908.8
02-28-2020,8815.63
02-29-2020,8776.71
03-01-2020,8983.78
03-02-2020,8940.69
03-03-2020,8863.91
03-04-2020,9179.74
03-05-2020,9183.26
03-06-2020,9225.42
03-07-2020,8920.28
03-08-2020,8200.82
03-09-2020,8165.09
03-10-2020,7998.79
03-11-2020,7984.16
03-12-2020,5984.55
03-13-2020,5665.57
03-14-2020,5961.78
03-15-2020,5364.93
03-16-2020,5561.43
03-17-2020,5451.02
03-18-2020,6418.99
03-19-2020,6932.04
03-20-2020,6459.65
03-21-2020,6415.14
03-22-2020,6614.56
03-23-2020,6857.49
03-24-2020,6980.29
03-25-2020,6796.12
03-26-2020,6876.97
03-27-2020,6384.56
03-28-2020,6286.96
03-29-2020,6616.94
03-30-2020,6531.66
03-31-2020,6716.04
04-01-2020,7245.15
04-02-2020,7044.01
04-03-2020,7010.45
04-04-2020,6910.39
04-05-2020,7359.05
04-06-2020,7462.51
04-07-2020,7425.85
04-08-2020,7374.01
04-09-2020,7304.8
04-10-2020,6956.27
04-11-2020,7199.97
04-12-2020,6913.76
04-13-2020,6986.75
04-14-2020,6937.49
04-15-2020,7207.11
04-16-2020,7155.17
04-17-2020,7304.35
04-18-2020,7276.84
04-19-2020,7225.23
04-20-2020,6948.78
04-21-2020,7165.43
04-22-2020,7731.56
04-23-2020,7607.28
04-24-2020,7708.4
04-25-2020,7705.3
04-26-2020,7790.33
04-27-2020,7791.85
04-28-2020,8952.44
04-29-2020,9460.77
04-30-2020,9066.47
05-01-2020,9013.29
05-02-2020,9197.48
05-03-2020,8968.9
05-04-2020,9119.13
05-05-2020,9408.99
05-06-2020,10064.33
05-07-2020,10041.73
05-08-2020,9912.22
05-09-2020,9556.85
05-10-2020,9164.84
05-11-2020,8975.74
05-12-2020,9407.67
05-13-2020,9937.97
05-14-2020,9841.71
05-15-2020,9584.9
05-16-2020,9885.55
05-17-2020,9943.74
05-18-2020,9890.69
05-19-2020,9832.94
05-20-2020,9566.81
05-21-2020,9265.04
05-22-2020,9311.34
05-23-2020,9307.11
05-24-2020,8977.43
05-25-2020,9011.53
05-26-2020,9222.3
05-27-2020,9619.34
05-28-2020,9601.43
05-29-2020,9735.73
05-30-2020,9703.51
05-31-2020,10359.02
06-01-2020,10232.25
06-02-2020,9666.25
06-03-2020,9877.89
06-04-2020,9846.54
06-05-2020,9728.4
06-06-2020,9806.21
06-07-2020,9801.19
06-08-2020,9884.83
06-09-2020,9990.4
06-10-2020,9970.77
06-11-2020,9548.13
06-12-2020,9492
06-13-2020,9479.56
06-14-2020,9498.69
06-15-2020,9585.17
06-16-2020,9550.06
06-17-2020,9480.04
06-18-2020,9419.99
06-19-2020,9394.04
06-20-2020,9418.22
06-21-2020,9774.79
06-22-2020,9720.11
06-23-2020,9664.38
06-24-2020,9335.65
06-25-2020,9289.32
06-26-2020,9190.27
06-27-2020,9189.74
06-28-2020,9234.33
06-29-2020,9200.99
06-30-2020,9299.67
07-01-2020,9267.84
07-02-2020,9127.05
07-03-2020,9195.91
07-04-2020,9152.87
07-05-2020,9372.09
07-06-2020,9378.69
07-07-2020,9471.65
07-08-2020,9441.67
07-09-2020,9317.31
07-10-2020,9302.22
07-11-2020,9339.99
07-12-2020,9336.42
07-13-2020,9279.57
07-14-2020,9272.57
07-15-2020,9216.53
07-16-2020,9183.08
07-17-2020,9205.94
07-18-2020,9238.3
07-19-2020,9224.76
07-20-2020,9435.55
07-21-2020,9551.87
07-22-2020,9675.5
07-23-2020,9647.83
07-24-2020,9744.72
07-25-2020,10140.55
07-26-2020,11397.48
07-27-2020,11253.39
07-28-2020,11348.53
07-29-2020,11182.76
07-30-2020,11454.11
07-31-2020,11874.77
08-01-2020,12106.89
08-02-2020,11476.29
08-03-2020,11415.16
08-04-2020,11791.62
08-05-2020,11909.81
08-06-2020,11912.62
08-07-2020,11811.4
08-08-2020,11802.93
08-09-2020,12074.31
08-10-2020,11940.4
08-11-2020,11621.05
08-12-2020,11795.34
08-13-2020,11863.43
08-14-2020,11981.62
08-15-2020,11934.96
08-16-2020,12474.73
08-17-2020,12397.4
08-18-2020,12021.8
08-19-2020,11888.72
08-20-2020,11882.67
08-21-2020,11686.02
08-22-2020,11713.62
08-23-2020,11827.45
08-24-2020,11767.64
08-25-2020,11542.65
08-26-2020,11591.64
08-27-2020,11553.81
08-28-2020,11585.98
08-29-2020,11718.98
08-30-2020,11775.27
08-31-2020,12062.06
09-01-2020,11954.28
09-02-2020,11469.2
09-03-2020,10638.71
09-04-2020,10570.95
09-05-2020,10361.12
09-06-2020,10411.92
09-07-2020,10443.72
09-08-2020,10349.09
09-09-2020,10493.32
09-10-2020,10412.6
09-11-2020,10486.76
09-12-2020,10578.97
09-13-2020,10753.33
09-14-2020,10936.89
09-15-2020,11094.7
09-16-2020,11047.25
09-17-2020,11040.66
09-18-2020,11173.88
09-19-2020,11083.9
09-20-2020,10992.25
09-21-2020,10576.92
09-22-2020,10546.48
09-23-2020,10792.17
09-24-2020,10762.38
09-25-2020,10822.99
09-26-2020,10810.35
09-27-2020,10951.6
09-28-2020,10863.02
09-29-2020,10850.12
09-30-2020,10926.47
10-01-2020,10668.49
10-02-2020,10602.28
10-03-2020,10699.94
10-04-2020,10799.53
10-05-2020,10801.66
10-06-2020,10679.76
10-07-2020,10957.42
10-08-2020,11109.32
10-09-2020,11485.43
10-10-2020,11434.1
10-11-2020,11725.28
10-12-2020,11561.69
10-13-2020,11550.25
10-14-2020,11607.59
10-15-2020,11545.35
10-16-2020,11410.01
10-17-2020,11513.68
10-18-2020,11821.95
10-19-2020,12047.73
10-20-2020,13236.39
10-21-2020,13197.69
10-22-2020,13031.82
10-23-2020,13167.31
10-24-2020,13346.7
10-25-2020,13241.79
10-26-2020,13783.14
10-27-2020,13855.57
10-28-2020,13643.6
10-29-2020,13674.89
10-30-2020,14077.8
10-31-2020,13897.02
11-01-2020,13828.48
11-02-2020,14071.54
11-03-2020,14258.9
11-04-2020,15739.47
11-05-2020,15948.88
11-06-2020,15765.02
11-07-2020,15653.89
11-08-2020,15812.23
11-09-2020,15476.99
11-10-2020,15983.03
11-11-2020,16348.99
11-12-2020,16482.62
11-13-2020,16334.29
11-14-2020,16156.82
11-15-2020,16876.48
11-16-2020,17857.37
11-17-2020,18466.1
11-18-2020,18172.87
11-19-2020,18814.87
11-20-2020,18966.12
11-21-2020,18757.55
11-22-2020,18761.66
11-23-2020,19419.49
11-24-2020,19488.81
11-25-2020,18907.31
11-26-2020,17479.12
11-27-2020,17893.95
11-28-2020,18347.24
11-29-2020,19850.23
11-30-2020,19911.79
12-01-2020,19337.16
12-02-2020,19608.49
12-03-2020,19541.62
12-04-2020,19178.4
12-05-2020,19417.33
12-06-2020,19411.51
12-07-2020,19295.38
12-08-2020,18639.24
12-09-2020,18554.32
12-10-2020,18295.1
12-11-2020,18948.78
12-12-2020,19414.65
12-13-2020,19339.6
12-14-2020,19553.23
12-15-2020,21527.36
12-16-2020,23698.98
12-17-2020,23271.54
12-18-2020,24114.51
12-19-2020,24252.16
12-20-2020,24077.7
12-21-2020,23833.23
12-22-2020,24082.98
12-23-2020,23778.56
12-24-2020,24776.64
12-25-2020,26780.61
12-26-2020,28340.08
12-27-2020,27461.63
12-28-2020,27383.6
12-29-2020,28990.2
12-30-2020,29301.67
12-31-2020,29666.33
01-01-2021,33257.29
01-02-2021,34789.34
01-03-2021,33622.7
01-04-2021,34487.44
01-05-2021,36973.76
01-06-2021,40365.87
01-07-2021,41964.96
01-08-2021,41400.48
01-09-2021,41427.88
01-10-2021,38266.42
01-11-2021,36620.28
01-12-2021,37809.67
01-13-2021,40093.43
01-14-2021,39695.43
01-15-2021,37942.44
01-16-2021,36860.67
01-17-2021,37429.24
01-18-2021,37867.53
01-19-2021,36409.96
01-20-2021,35619.6
01-21-2021,33857.39
01-22-2021,33484.73
01-23-2021,33090.99
01-24-2021,34881.18
01-25-2021,32943.69
01-26-2021,32580.05
01-27-2021,33880.92
01-28-2021,38631.5
01-29-2021,34906.15
01-30-2021,34381.7
01-31-2021,34714.34
02-01-2021,36004.47
02-02-2021,37704.8
02-03-2021,38741.89
02-04-2021,38343.92
02-05-2021,40989.11
02-06-2021,39721.59
02-07-2021,46606.82
02-08-2021,48209.59
02-09-2021,47349.86
02-10-2021,48664.81
02-11-2021,48930.99
02-12-2021,48171.46
02-13-2021,49642.39
02-14-2021,49031.74
02-15-2021,50561.53
02-16-2021,52622.68
02-17-2021,52550.6
02-18-2021,56331.09
02-19-2021,57528.16
02-20-2021,58348.75
02-21-2021,57540.74
02-22-2021,54164.35
02-23-2021,51399.55
02-24-2021,52086.34
02-25-2021,48438.38
02-26-2021,48362.8
02-27-2021,46645.9
02-28-2021,49812.2
03-01-2021,50221.14
03-02-2021,52625.39
03-03-2021,51792.65
03-04-2021,49467.19
03-05-2021,49185.32
03-06-2021,51455.54
03-07-2021,52408.08
03-08-2021,54933.93
03-09-2021,57396.59
03-10-2021,58142.77
03-11-2021,58069.58
03-12-2021,61749.15
03-13-2021,61674.66
03-14-2021,60589.17
03-15-2021,56936.04
03-16-2021,58975.28
03-17-2021,60077.79
03-18-2021,59453.32
03-19-2021,59911.7
03-20-2021,58621.34
03-21-2021,58431.44
03-22-2021,55836.27
03-23-2021,57202.53
03-24-2021,53199.52
03-25-2021,55083.9
03-26-2021,56606.78
03-27-2021,56561.55
03-28-2021,58413.9
03-29-2021,59402.27
03-30-2021,59818.5
03-31-2021,59469.45
04-01-2021,60061.51
04-02-2021,59770.87
04-03-2021,58493.73
04-04-2021,59235.68
04-05-2021,59464.31
04-06-2021,58628.19
04-07-2021,58150.23
04-08-2021,58881.94
04-09-2021,61193.5
04-10-2021,60673.37
04-11-2021,61233.29
04-12-2021,63682.32
04-13-2021,64859.81
04-14-2021,63826.89
04-15-2021,63567.11
04-16-2021,62541.21
04-17-2021,60393.33
04-18-2021,57590.64
04-19-2021,57101.05
04-20-2021,56801.94
04-21-2021,55458.61
04-22-2021,52112.75
04-23-2021,51223.86
04-24-2021,50576.4
04-25-2021,54389.71
04-26-2021,55490.94
04-27-2021,56461.55
04-28-2021,55217.24
04-29-2021,57984.34
04-30-2021,58498.65
05-01-2021,57934.82
05-02-2021,58963.84
05-03-2021,57226.81
05-04-2021,57944.11
05-05-2021,58392.76
05-06-2021,58695.29
05-07-2021,59521.69
05-08-2021,59276.99
05-09-2021,59587.03
05-10-2021,56928.37
05-11-2021,58005.44
05-12-2021,51377.99
05-13-2021,51554.66
05-14-2021,50710.05
05-15-2021,49808.83
05-16-2021,46665.19
05-17-2021,45819.36
05-18-2021,43564.34
05-19-2021,42520.03
05-20-2021,42252.07
05-21-2021,38841.92
05-22-2021,38304.55
05-23-2021,39945.35
05-24-2021,39842.9
05-25-2021,40854.81
05-26-2021,40408.95
05-27-2021,38879.6
05-28-2021,37307.1
05-29-2021,36481.62
05-30-2021,37512.8
05-31-2021,37910.19
06-01-2021,38225.18
06-02-2021,39482.46
06-03-2021,39273.49
06-04-2021,37911.76
06-05-2021,36453.81
06-06-2021,36790.39
06-07-2021,34061.09
06-08-2021,37528.42
06-09-2021,38387.2
06-10-2021,37665.85
06-11-2021,37445.32
06-12-2021,39374.68
06-13-2021,41025.42
06-14-2021,41307.06
06-15-2021,40487.98
06-16-2021,39537.42
06-17-2021,38201.23
06-18-2021,36443.26
06-19-2021,36139.95
06-20-2021,35760.61
06-21-2021,33312.87
06-22-2021,34831.93
06-23-2021,35267.23
06-24-2021,35494.5
06-25-2021,32680.58
06-26-2021,34754.5
06-27-2021,35292.57
06-28-2021,36624.75
06-29-2021,36090.37
06-30-2021,35065.41
07-01-2021,33968.47
07-02-2021,34944.91
07-03-2021,35945.36
07-04-2021,35290.8
07-05-2021,35096.65
07-06-2021,35066.82
07-07-2021,33934.31
07-08-2021,34076.49
07-09-2021,34253.5
07-10-2021,34595.69
07-11-2021,34658.46
07-12-2021,33335.54
07-13-2021,33099.2
07-14-2021,33188.54
07-15-2021,32256.94
07-16-2021,31966.25
07-17-2021,32446.17
07-18-2021,31907.17
07-19-2021,31063.88
07-20-2021,32814.13
07-21-2021,32604.4
07-22-2021,33637.93
07-23-2021,34519.75
07-24-2021,35382.63
07-25-2021,40553.85
07-26-2021,39535.5
07-27-2021,40906.09
07-28-2021,40633.62
07-29-2021,42301.76
07-30-2021,42373.59
07-31-2021,42584.65
08-01-2021,40446.6
08-02-2021,39779.45
08-03-2021,39961.11
08-04-2021,41409.14
08-05-2021,43363.62
08-06-2021,44731.51
08-07-2021,45310.33
08-08-2021,46476.01
08-09-2021,46707.56
08-10-2021,46763.89
08-11-2021,46214.21
08-12-2021,47890.79
08-13-2021,48136.25
08-14-2021,47390.93
08-15-2021,48064.42
08-16-2021,47100.97
08-17-2021,46024.97
08-18-2021,47044.06
08-19-2021,49377.5
08-20-2021,49809.82
08-21-2021,49512.19
08-22-2021,50513.83
08-23-2021,49859.97
08-24-2021,49257.74
08-25-2021,49358.2
08-26-2021,49166.31
08-27-2021,49306.47
08-28-2021,49653.49
08-29-2021,48878.11
08-30-2021,48252.74
08-31-2021,49062.05
09-01-2021,50374.89
09-02-2021,51056.15
09-03-2021,50549.35
09-04-2021,51890.18
09-05-2021,52766.16
09-06-2021,52919.24
09-07-2021,47362.35
09-08-2021,47335.29
09-09-2021,47026.67
09-10-2021,45987.63
09-11-2021,46403.5
09-12-2021,46821.84
09-13-2021,47263.56
09-14-2021,48457.3
09-15-2021,48498.51
09-16-2021,48172.36
09-17-2021,48808
09-18-2021,48376.3
09-19-2021,47340.49
09-20-2021,43625.93
09-21-2021,44012.22
09-22-2021,44994.17
09-23-2021,45143.18
09-24-2021,42992.94
09-25-2021,43928.49
09-26-2021,44360.41
09-27-2021,42781.24
09-28-2021,42603.18
09-29-2021,44106.6
09-30-2021,48470.13
10-01-2021,48347.69
10-02-2021,49185.34
10-03-2021,49501.21
10-04-2021,51885.03
10-05-2021,55656.67
10-06-2021,55359.77
10-07-2021,56047.91
10-08-2021,55485.2
10-09-2021,56473.63
10-10-2021,57825.98
10-11-2021,57646.93
10-12-2021,57768.98
10-13-2021,58514.76
10-14-2021,62889.98
10-15-2021,62341.46
10-16-2021,61698.1
10-17-2021,62662.72
10-18-2021,64468.7
10-19-2021,66980.66
10-20-2021,66645.73
10-21-2021,63731.17
10-22-2021,61733.43
10-23-2021,61481.25
10-24-2021,63709.97
10-25-2021,63290.04
10-26-2021,61473
10-27-2021,62252.08
10-28-2021,62967.45
10-29-2021,62371.52
10-30-2021,62420.57
10-31-2021,62482.31
11-01-2021,64283.57
11-02-2021,63553.52
11-03-2021,63102.86
11-04-2021,62621.97
11-05-2021,61594.16
11-06-2021,63309.57
11-07-2021,67755.46
11-08-2021,68514.26
11-09-2021,68978.64
11-10-2021,65585.68
11-11-2021,65466
11-12-2021,64967.34
11-13-2021,65509.06
11-14-2021,66335.42
11-15-2021,63614.53
11-16-2021,60837.09
11-17-2021,60964.37
11-18-2021,58403.92
11-19-2021,59901.9
11-20-2021,60058.65
11-21-2021,59391.98
11-22-2021,57873.77
11-23-2021,57740.34
11-24-2021,59437.04
11-25-2021,59201.95
11-26-2021,55316.65
11-27-2021,57475.26
11-28-2021,58898.57
11-29-2021,59226.33
11-30-2021,59096.53
12-01-2021,57409.48
12-02-2021,57639.15
12-03-2021,53871.2
12-04-2021,49764.31
12-05-2021,50986.02
12-06-2021,51953.27
12-07-2021,51215.6
12-08-2021,50829.41
12-09-2021,50047.85
12-10-2021,49504.07
12-11-2021,50807.75
12-12-2021,50215.42
12-13-2021,48665.63
12-14-2021,49499.91
12-15-2021,49451.4
12-16-2021,48004.37
12-17-2021,47356.67
12-18-2021,48286.29
12-19-2021,47495.72
12-20-2021,49334.04
12-21-2021,49581.41
12-22-2021,51382.88
12-23-2021,51863.56
12-24-2021,51158.56
12-25-2021,51283.7
12-26-2021,52079.46
12-27-2021,50718.53
12-28-2021,48145.34
12-29-2021,47917.89
12-30-2021,48573.22
12-31-2021,47950.29
01-01-2022,47979.26
01-02-2022,47572.23
01-03-2022,47529.48
01-04-2022,47067.18
01-05-2022,43779.23
01-06-2022,43138.79
01-07-2022,42306.77
01-08-2022,42800.66
01-09-2022,42251.07
01-10-2022,43122.32
01-11-2022,44293.83
01-12-2022,44442.67
01-13-2022,43467.05
01-14-2022,43811.94
01-15-2022,43484.21
01-16-2022,43198.05
01-17-2022,42682.77
01-18-2022,42575.28
01-19-2022,43513.14
01-20-2022,41116.66
01-21-2022,36811.86
01-22-2022,36539.19
01-23-2022,37469.19
01-24-2022,37555.35
01-25-2022,38930.36
01-26-2022,37242.79
01-27-2022,38021.06
01-28-2022,38728.29
01-29-2022,38364.51
01-30-2022,38769.81
01-31-2022,39281.06
02-01-2022,38883.19
02-02-2022,37411.52
02-03-2022,41737.83
02-04-2022,41954.24
02-05-2022,42671.81
02-06-2022,44518.11
02-07-2022,45483.65
02-08-2022,44849.9
02-09-2022,45837.02
02-10-2022,43950.88
02-11-2022,43041.72
02-12-2022,42773.35
02-13-2022,42857.15
02-14-2022,44771.91
02-15-2022,44583.03
02-16-2022,44187.88
02-17-2022,40980.65
02-18-2022,40464.62
02-19-2022,40142.98
02-20-2022,39495.33
02-21-2022,38458.26
02-22-2022,39260.51
02-23-2022,39182.44
02-24-2022,39710.26
02-25-2022,40228.13
02-26-2022,39861.91
02-27-2022,43953.92
02-28-2022,44883.1
03-01-2022,45069.78
03-02-2022,44079.17
03-03-2022,42520.95
03-04-2022,39596.42
03-05-2022,39686.74
03-06-2022,39536.14
03-07-2022,39361.33
03-08-2022,42557.95
03-09-2022,42043.56
03-10-2022,40221.93
03-11-2022,39414.02
03-12-2022,39254.88
03-13-2022,39802.89
03-14-2022,39863.78
03-15-2022,41638.54
03-16-2022,41441.08
03-17-2022,42250.94
03-18-2022,42367.55
03-19-2022,42297.3
03-20-2022,41510.03
03-21-2022,43287.39
03-22-2022,43021.74
03-23-2022,44230.66
03-24-2022,45112.71
03-25-2022,44811.3
03-26-2022,46896.6
03-27-2022,48208.48
03-28-2022,48054.67
03-29-2022,47690.62
03-30-2022,47599.87
03-31-2022,46726.2
04-01-2022,47208.84
04-02-2022,47432.6
04-03-2022,46893.71
04-04-2022,47187.66
04-05-2022,45518.32
04-06-2022,43894.7
04-07-2022,43982.39
04-08-2022,42813.04
04-09-2022,43442.48
04-10-2022,42422.86
04-11-2022,40673.93
04-12-2022,41538.17
04-13-2022,41503.56
04-14-2022,40800.76
04-15-2022,40698.01
04-16-2022,40602.63
04-17-2022,41096.46
04-18-2022,41755.93
04-19-2022,42208.1
04-20-2022,42996.5
04-21-2022,40794.73
04-22-2022,39988.54
04-23-2022,39943.44
04-24-2022,40590.8
04-25-2022,40797.85
04-26-2022,39465.62
04-27-2022,40386.5
04-28-2022,39922.6
04-29-2022,38788.01
04-30-2022,38668
05-01-2022,39155.96
05-02-2022,38644.5
05-03-2022,40004.37
05-04-2022,39831.19
05-05-2022,36654.02
05-06-2022,36129.02
05-07-2022,35503.12
05-08-2022,34229.57
05-09-2022,32625.41
05-10-2022,32136.04
05-11-2022,30085.67
05-12-2022,30964.26
05-13-2022,30274.18
05-14-2022,31406.35
05-15-2022,31296.19
05-16-2022,30744.47
05-17-2022,30673.66
05-18-2022,30505
05-19-2022,30725.44
05-20-2022,29613.15
05-21-2022,30454.36
05-22-2022,30634.84
05-23-2022,29800.48
05-24-2022,30189.17
05-25-2022,29848.6
05-26-2022,29359.16
05-27-2022,29234.85
05-28-2022,29548.72
05-29-2022,32161.5
05-30-2022,32367.02
05-31-2022,31956.43
06-01-2022,30647.18
06-02-2022,30676.7
06-03-2022,29953.65
06-04-2022,30151.31
06-05-2022,31740.27
06-06-2022,31551.28
06-07-2022,31305.48
06-08-2022,30677.87
06-09-2022,30336.9
06-10-2022,29414.37
06-11-2022,28519.32
06-12-2022,26871.6
06-13-2022,23214.28
06-14-2022,22743.84
06-15-2022,22961.17
06-16-2022,21330.5
06-17-2022,20722.69
06-18-2022,20776.87
06-19-2022,21016.02
06-20-2022,21694.7
06-21-2022,20862.67
06-22-2022,21195.95
06-23-2022,21528.86
06-24-2022,21587.06
06-25-2022,21855.84
06-26-2022,21505.42
06-27-2022,21184.16
06-28-2022,20402.7
06-29-2022,20138.96
06-30-2022,20817.65
07-01-2022,19419.25
07-02-2022,19617.18
07-03-2022,20313.34
07-04-2022,20725.51
07-05-2022,20637.99
07-06-2022,21840.22
07-07-2022,22377.17
07-08-2022,21942.8
07-09-2022,21591.09
07-10-2022,20852.04
07-11-2022,20036.49
07-12-2022,20274.83
07-13-2022,20869.51
07-14-2022,21185.15
07-15-2022,21574.75
07-16-2022,21658.47
07-17-2022,22749.06
07-18-2022,23790.89
07-19-2022,24276.14
07-20-2022,23419.67
07-21-2022,23749.68
07-22-2022,22997.6
07-23-2022,23012.74
07-24-2022,22660.92
07-25-2022,21341.58
07-26-2022,23101.9
07-27-2022,24196.42
07-28-2022,24416.37
07-29-2022,24619.11
07-30-2022,24187.18
07-31-2022,23504.29
08-01-2022,23451.58
08-02-2022,23615.71
08-03-2022,23228.89
08-04-2022,23473.92
08-05-2022,23350.56
08-06-2022,23400.38
08-07-2022,24244.59
08-08-2022,23923.56
08-09-2022,24216.73
08-10-2022,24895.61
08-11-2022,24458.75
08-12-2022,24892.27
08-13-2022,25012.36
08-14-2022,25203.38
08-15-2022,24247.12
08-16-2022,24442.02
08-17-2022,23595.74
08-18-2022,23202.7
08-19-2022,21361.45
08-20-2022,21744.02
08-21-2022,21524.9
08-22-2022,21675.25